customer_id,customer_name,customer_segment,city,state,customer_since
C00001,Customer_1,Consumer,Mumbai,Maharashtra,2025-03-02
C00002,Customer_2,Enterprise,Pune,Maharashtra,2025-09-26
C00003,Customer_3,Small Business,Kolkata,West Bengal,2024-02-23
C00004,Customer_4,Consumer,Mumbai,Maharashtra,2022-09-28
C00005,Customer_5,Consumer,Jaipur,Rajasthan,2022-10-30
C00006,Customer_6,Consumer,Ahmedabad,Gujarat,2025-08-02
C00007,Customer_7,Consumer,Pune,Maharashtra,2020-09-30
C00008,Customer_8,Small Business,Hyderabad,Telangana,2022-08-13
C00009,Customer_9,Small Business,Hyderabad,Telangana,2024-11-14
C00010,Customer_10,Small Business,Hyderabad,Telangana,2021-01-15
C00011,Customer_11,Consumer,Hyderabad,Telangana,2023-09-14
C00012,Customer_12,Enterprise,Ahmedabad,Gujarat,2021-04-23
C00013,Customer_13,Small Business,Mumbai,Maharashtra,2025-08-24
C00014,Customer_14,Consumer,Chennai,Tamil Nadu,2021-05-30
C00015,Customer_15,Consumer,Mumbai,Maharashtra,2020-07-09
C00016,Customer_16,Consumer,Delhi,Delhi,2023-04-06
C00017,Customer_17,Consumer,Kolkata,West Bengal,2023-03-06
C00018,Customer_18,Consumer,Bengaluru,Karnataka,2023-11-12
C00019,Customer_19,Consumer,Chennai,Tamil Nadu,2020-09-28
C00020,Customer_20,Consumer,Chennai,Tamil Nadu,2020-05-22
C00021,Customer_21,Small Business,Mumbai,Maharashtra,2025-03-27
C00022,Customer_22,Consumer,Chennai,Tamil Nadu,2022-12-28
C00023,Customer_23,Consumer,Kochi,Kerala,2022-02-26
C00024,Customer_24,Consumer,Kochi,Kerala,2025-10-27
C00025,Customer_25,Consumer,Delhi,Delhi,2024-08-08
C00026,Customer_26,Small Business,Bengaluru,Karnataka,2021-09-14
C00027,Customer_27,Consumer,Jaipur,Rajasthan,2022-07-26
C00028,Customer_28,Consumer,Ahmedabad,Gujarat,2023-01-23
C00029,Customer_29,Consumer,Mumbai,Maharashtra,2021-09-08
C00030,Customer_30,Consumer,Ahmedabad,Gujarat,2022-10-28
C00031,Customer_31,Small Business,Jaipur,Rajasthan,2020-03-07
C00032,Customer_32,Consumer,Mumbai,Maharashtra,2020-07-09
C00033,Customer_33,Consumer,Mumbai,Maharashtra,2021-06-04
C00034,Customer_34,Enterprise,Bengaluru,Karnataka,2022-09-16
C00035,Customer_35,Enterprise,Ahmedabad,Gujarat,2023-02-14
C00036,Customer_36,Small Business,Kochi,Kerala,2024-06-22
C00037,Customer_37,Consumer,Hyderabad,Telangana,2023-04-02
C00038,Customer_38,Consumer,Ahmedabad,Gujarat,2021-01-10
C00039,Customer_39,Small Business,Kolkata,West Bengal,2021-10-14
C00040,Customer_40,Consumer,Kolkata,West Bengal,2021-07-02
C00041,Customer_41,Consumer,Mumbai,Maharashtra,2023-01-02
C00042,Customer_42,Consumer,Hyderabad,Telangana,2020-03-13
C00043,Customer_43,Consumer,Pune,Maharashtra,2020-07-17
C00044,Customer_44,Enterprise,Jaipur,Rajasthan,2024-11-16
C00045,Customer_45,Consumer,Delhi,Delhi,2021-07-25
C00046,Customer_46,Small Business,Hyderabad,Telangana,2022-03-01
C00047,Customer_47,Consumer,Delhi,Delhi,2024-06-26
C00048,Customer_48,Consumer,Ahmedabad,Gujarat,2025-01-05
C00049,Customer_49,Consumer,Ahmedabad,Gujarat,2025-01-29
C00050,Customer_50,Consumer,Delhi,Delhi,2024-02-19
C00051,Customer_51,Enterprise,Jaipur,Rajasthan,2023-03-20
C00052,Customer_52,Small Business,Hyderabad,Telangana,2020-06-27
C00053,Customer_53,Enterprise,Pune,Maharashtra,2022-01-04
C00054,Customer_54,Small Business,Mumbai,Maharashtra,2025-11-06
C00055,Customer_55,Consumer,Bengaluru,Karnataka,2022-03-09
C00056,Customer_56,Enterprise,,Gujarat,2022-02-26
C00057,Customer_57,Consumer,Kolkata,West Bengal,2020-07-27
C00058,Customer_58,Consumer,Jaipur,Rajasthan,2021-05-07
C00059,Customer_59,Consumer,Bengaluru,Karnataka,2024-07-15
C00060,Customer_60,Consumer,Pune,Maharashtra,2022-01-01
C00061,Customer_61,Consumer,Chennai,Tamil Nadu,2023-02-03
C00062,Customer_62,Consumer,Mumbai,Maharashtra,2024-05-24
C00063,Customer_63,Small Business,Ahmedabad,Gujarat,2021-08-16
C00064,Customer_64,Consumer,Mumbai,Maharashtra,2023-04-30
C00065,Customer_65,Consumer,Bengaluru,Karnataka,2020-11-20
C00066,Customer_66,Consumer,Mumbai,Maharashtra,2022-09-05
C00067,Customer_67,Consumer,Chennai,Tamil Nadu,2024-10-15
C00068,Customer_68,Small Business,Bengaluru,Karnataka,2025-01-24
C00069,Customer_69,Consumer,Ahmedabad,Gujarat,2024-01-30
C00070,Customer_70,Enterprise,Hyderabad,Telangana,2022-06-12
C00071,Customer_71,Small Business,Kolkata,West Bengal,2023-10-22
C00072,Customer_72,Consumer,Bengaluru,Karnataka,2020-05-23
C00073,Customer_73,Consumer,Kochi,Kerala,2021-01-18
C00074,Customer_74,Small Business,Chennai,Tamil Nadu,2020-08-04
C00075,Customer_75,Small Business,Bengaluru,Karnataka,2024-02-24
C00076,Customer_76,Small Business,Bengaluru,Karnataka,2024-01-30
C00077,Customer_77,Small Business,Kochi,Kerala,2024-06-23
C00078,Customer_78,Consumer,Ahmedabad,Gujarat,2023-03-13
C00079,Customer_79,Consumer,Bengaluru,Karnataka,2020-04-20
C00080,Customer_80,Consumer,Kolkata,West Bengal,2022-10-10
C00081,Customer_81,Small Business,Mumbai,Maharashtra,2020-08-19
C00082,Customer_82,Small Business,Ahmedabad,Gujarat,2024-09-10
C00083,Customer_83,Consumer,Kolkata,West Bengal,2024-10-21
C00084,Customer_84,Consumer,Ahmedabad,Gujarat,2024-04-26
C00085,Customer_85,Consumer,Kolkata,West Bengal,2023-07-20
C00086,Customer_86,Consumer,Chennai,Tamil Nadu,2022-08-30
C00087,Customer_87,Small Business,Kolkata,West Bengal,2022-10-27
C00088,Customer_88,Small Business,Delhi,Delhi,2021-06-01
C00089,Customer_89,Small Business,Kolkata,West Bengal,2022-07-02
C00090,Customer_90,Consumer,Hyderabad,Telangana,2025-12-21
C00091,Customer_91,Consumer,Hyderabad,Telangana,2025-04-28
C00092,Customer_92,Small Business,Jaipur,Rajasthan,2024-01-02
C00093,Customer_93,Small Business,Delhi,Delhi,2025-02-15
C00094,Customer_94,Consumer,Delhi,Delhi,2023-07-31
C00095,Customer_95,Small Business,Mumbai,Maharashtra,2022-06-17
C00096,Customer_96,Consumer,Delhi,Delhi,2023-01-03
C00097,Customer_97,Consumer,Mumbai,Maharashtra,2023-04-04
C00098,Customer_98,Consumer,Jaipur,Rajasthan,2023-04-27
C00099,Customer_99,Consumer,Jaipur,Rajasthan,2025-10-26
C00100,Customer_100,Consumer,Chennai,Tamil Nadu,2021-11-18
C00101,Customer_101,Consumer,Hyderabad,Telangana,2025-08-30
C00102,Customer_102,Small Business,Kolkata,West Bengal,2021-07-19
C00103,Customer_103,Consumer,Kolkata,West Bengal,2023-04-22
C00104,Customer_104,Consumer,Kochi,Kerala,2025-03-09
C00105,Customer_105,Enterprise,Kochi,Kerala,2022-04-06
C00106,Customer_106,Consumer,Pune,Maharashtra,2023-09-13
C00107,Customer_107,Consumer,Ahmedabad,Gujarat,2024-12-16
C00108,Customer_108,Small Business,Chennai,Tamil Nadu,2022-12-18
C00109,Customer_109,Consumer,Pune,Maharashtra,2023-09-12
C00110,Customer_110,Consumer,Pune,Maharashtra,2024-07-02
C00111,Customer_111,Consumer,Bengaluru,Karnataka,2020-07-09
C00112,Customer_112,Consumer,Bengaluru,Karnataka,2023-05-08
C00113,Customer_113,Enterprise,Pune,Maharashtra,2023-08-28
C00114,Customer_114,Small Business,Delhi,Delhi,2021-12-08
C00115,Customer_115,Small Business,Ahmedabad,Gujarat,2021-01-13
C00116,Customer_116,Small Business,Chennai,Tamil Nadu,2021-01-21
C00117,Customer_117,Small Business,Pune,Maharashtra,2021-09-07
C00118,Customer_118,Consumer,Kolkata,West Bengal,2024-03-22
C00119,Customer_119,Small Business,Ahmedabad,Gujarat,2025-08-10
C00120,Customer_120,Consumer,Bengaluru,Karnataka,2024-10-20
C00121,Customer_121,Small Business,Kolkata,West Bengal,2021-04-08
C00122,Customer_122,Small Business,Bengaluru,Karnataka,2022-08-24
C00123,Customer_123,Consumer,Bengaluru,Karnataka,2020-06-20
C00124,Customer_124,Consumer,Ahmedabad,Gujarat,2023-02-20
C00125,Customer_125,Consumer,Bengaluru,Karnataka,2022-04-22
C00126,Customer_126,Consumer,Jaipur,Rajasthan,2023-08-14
C00127,Customer_127,Small Business,Hyderabad,Telangana,2025-03-23
C00128,Customer_128,Small Business,Jaipur,Rajasthan,2021-11-20
C00129,Customer_129,Consumer,Hyderabad,Telangana,2024-02-16
C00130,Customer_130,Consumer,,Kerala,2025-07-17
C00131,Customer_131,Consumer,Kochi,Kerala,2024-09-18
C00132,Customer_132,Consumer,Bengaluru,Karnataka,2021-01-17
C00133,Customer_133,Consumer,Chennai,Tamil Nadu,2023-11-13
C00134,Customer_134,Consumer,Chennai,Tamil Nadu,2024-05-02
C00135,Customer_135,Enterprise,Hyderabad,Telangana,2025-08-12
C00136,Customer_136,Consumer,Kolkata,West Bengal,2021-01-06
C00137,Customer_137,Consumer,Ahmedabad,Gujarat,2024-09-06
C00138,Customer_138,Small Business,Bengaluru,Karnataka,2024-01-09
C00139,Customer_139,Consumer,Ahmedabad,Gujarat,2021-09-02
C00140,Customer_140,Enterprise,Jaipur,Rajasthan,2020-04-25
C00141,Customer_141,Enterprise,Chennai,Tamil Nadu,2021-03-22
C00142,Customer_142,Consumer,Delhi,Delhi,2023-10-23
C00143,Customer_143,Consumer,Jaipur,Rajasthan,2023-09-02
C00144,Customer_144,Consumer,Jaipur,Rajasthan,2021-02-18
C00145,Customer_145,Consumer,Hyderabad,Telangana,2024-12-13
C00146,Customer_146,Consumer,Mumbai,Maharashtra,2022-11-13
C00147,Customer_147,Small Business,Jaipur,Rajasthan,2025-02-16
C00148,Customer_148,Consumer,Bengaluru,Karnataka,2022-12-09
C00149,Customer_149,Consumer,Pune,Maharashtra,2021-12-18
C00150,Customer_150,Consumer,Pune,Maharashtra,2023-09-20
C00151,Customer_151,Enterprise,Bengaluru,Karnataka,2024-05-24
C00152,Customer_152,Consumer,Mumbai,Maharashtra,2021-07-15
C00153,Customer_153,Consumer,Mumbai,Maharashtra,2021-01-21
C00154,Customer_154,Consumer,Hyderabad,Telangana,2021-12-02
C00155,Customer_155,Enterprise,Chennai,Tamil Nadu,2022-08-30
C00156,Customer_156,Consumer,Ahmedabad,Gujarat,2023-10-16
C00157,Customer_157,Small Business,Mumbai,Maharashtra,2022-09-10
C00158,Customer_158,Small Business,Delhi,Delhi,2024-02-20
C00159,Customer_159,Consumer,Hyderabad,Telangana,2020-12-17
C00160,Customer_160,Small Business,Kochi,Kerala,2024-09-20
C00161,Customer_161,Consumer,Kolkata,West Bengal,2025-05-05
C00162,Customer_162,Small Business,Kochi,Kerala,2023-07-03
C00163,Customer_163,Small Business,Hyderabad,Telangana,2025-03-22
C00164,Customer_164,Consumer,Jaipur,Rajasthan,2022-01-22
C00165,Customer_165,Consumer,Ahmedabad,Gujarat,2022-10-21
C00166,Customer_166,Small Business,Kolkata,West Bengal,2021-06-29
C00167,Customer_167,Consumer,Kochi,Kerala,2024-01-09
C00168,Customer_168,Consumer,Kolkata,West Bengal,2020-03-19
C00169,Customer_169,Consumer,Delhi,Delhi,2023-06-13
C00170,Customer_170,Consumer,Delhi,Delhi,2022-06-07
C00171,Customer_171,Small Business,Delhi,Delhi,2023-01-10
C00172,Customer_172,Consumer,Hyderabad,Telangana,2025-06-13
C00173,Customer_173,Consumer,Ahmedabad,Gujarat,2024-02-09
C00174,Customer_174,Consumer,Hyderabad,Telangana,2022-07-09
C00175,Customer_175,Small Business,Pune,Maharashtra,2021-07-03
C00176,Customer_176,Consumer,Jaipur,Rajasthan,2025-08-23
C00177,Customer_177,Small Business,Jaipur,Rajasthan,2021-01-26
C00178,Customer_178,Consumer,Delhi,Delhi,2023-10-12
C00179,Customer_179,Enterprise,Pune,Maharashtra,2022-08-31
C00180,Customer_180,Consumer,Mumbai,Maharashtra,2020-12-05
C00181,Customer_181,Consumer,Mumbai,Maharashtra,2022-01-26
C00182,Customer_182,Consumer,Delhi,Delhi,2022-11-11
C00183,Customer_183,Enterprise,,Kerala,2022-07-27
C00184,Customer_184,Small Business,Hyderabad,Telangana,2022-04-27
C00185,Customer_185,Consumer,Delhi,Delhi,2021-03-17
C00186,Customer_186,Small Business,Chennai,Tamil Nadu,2020-05-09
C00187,Customer_187,Small Business,Kolkata,West Bengal,2021-08-19
C00188,Customer_188,Consumer,Jaipur,Rajasthan,2025-05-12
C00189,Customer_189,Consumer,Mumbai,Maharashtra,2024-02-14
C00190,Customer_190,Consumer,Bengaluru,Karnataka,2022-05-11
C00191,Customer_191,Consumer,Mumbai,Maharashtra,2022-09-25
C00192,Customer_192,Small Business,Jaipur,Rajasthan,2024-03-31
C00193,Customer_193,Enterprise,Kolkata,West Bengal,2024-06-28
C00194,Customer_194,Small Business,Jaipur,Rajasthan,2024-02-20
C00195,Customer_195,Consumer,Bengaluru,Karnataka,2024-10-02
C00196,Customer_196,Consumer,Delhi,Delhi,2023-12-20
C00197,Customer_197,Small Business,Pune,Maharashtra,2025-01-31
C00198,Customer_198,Small Business,Bengaluru,Karnataka,2020-09-21
C00199,Customer_199,Small Business,Jaipur,Rajasthan,2024-01-02
C00200,Customer_200,Small Business,Jaipur,Rajasthan,2020-06-05
C00201,Customer_201,Small Business,Chennai,Tamil Nadu,2023-12-16
C00202,Customer_202,Consumer,Chennai,Tamil Nadu,2024-06-20
C00203,Customer_203,Consumer,Ahmedabad,Gujarat,2022-06-13
C00204,Customer_204,Small Business,Chennai,Tamil Nadu,2025-11-14
C00205,Customer_205,Small Business,Hyderabad,Telangana,2021-05-27
C00206,Customer_206,Consumer,Pune,Maharashtra,2020-08-03
C00207,Customer_207,Consumer,Kolkata,West Bengal,2025-12-12
C00208,Customer_208,Small Business,Bengaluru,Karnataka,2024-09-02
C00209,Customer_209,Consumer,Jaipur,Rajasthan,2025-10-07
C00210,Customer_210,Consumer,Ahmedabad,Gujarat,2024-04-16
C00211,Customer_211,Consumer,Ahmedabad,Gujarat,2025-11-23
C00212,Customer_212,Small Business,Kolkata,West Bengal,2023-02-02
C00213,Customer_213,Small Business,Pune,Maharashtra,2020-08-15
C00214,Customer_214,Consumer,Bengaluru,Karnataka,2024-01-27
C00215,Customer_215,Small Business,Mumbai,Maharashtra,2022-03-12
C00216,Customer_216,Consumer,Chennai,Tamil Nadu,2024-06-10
C00217,Customer_217,Consumer,Delhi,Delhi,2025-03-20
C00218,Customer_218,Small Business,Ahmedabad,Gujarat,2021-04-16
C00219,Customer_219,Small Business,Chennai,Tamil Nadu,2022-12-15
C00220,Customer_220,Small Business,,Tamil Nadu,2025-08-22
C00221,Customer_221,Small Business,Hyderabad,Telangana,2022-11-07
C00222,Customer_222,Consumer,Pune,Maharashtra,2025-11-30
C00223,Customer_223,Consumer,Delhi,Delhi,2020-08-16
C00224,Customer_224,Consumer,Mumbai,Maharashtra,2020-06-19
C00225,Customer_225,Consumer,Jaipur,Rajasthan,2020-10-21
C00226,Customer_226,Consumer,Hyderabad,Telangana,2020-07-07
C00227,Customer_227,Enterprise,Chennai,Tamil Nadu,2021-03-01
C00228,Customer_228,Consumer,Chennai,Tamil Nadu,2022-09-03
C00229,Customer_229,Small Business,Kochi,Kerala,2023-01-07
C00230,Customer_230,Small Business,Delhi,Delhi,2022-07-07
C00231,Customer_231,Small Business,Delhi,Delhi,2021-05-13
C00232,Customer_232,Consumer,Kochi,Kerala,2024-12-26
C00233,Customer_233,Consumer,Delhi,Delhi,2022-05-15
C00234,Customer_234,Consumer,Chennai,Tamil Nadu,2022-04-05
C00235,Customer_235,Consumer,Ahmedabad,Gujarat,2025-02-01
C00236,Customer_236,Small Business,Bengaluru,Karnataka,2025-10-19
C00237,Customer_237,Consumer,Chennai,Tamil Nadu,2020-05-25
C00238,Customer_238,Consumer,Hyderabad,Telangana,2024-06-29
C00239,Customer_239,Small Business,Pune,Maharashtra,2023-08-12
C00240,Customer_240,Consumer,Kochi,Kerala,2021-04-14
C00241,Customer_241,Enterprise,Mumbai,Maharashtra,2020-07-11
C00242,Customer_242,Enterprise,Jaipur,Rajasthan,2022-12-27
C00243,Customer_243,Enterprise,Mumbai,Maharashtra,2020-02-21
C00244,Customer_244,Consumer,Chennai,Tamil Nadu,2024-12-25
C00245,Customer_245,Consumer,Hyderabad,Telangana,2025-02-12
C00246,Customer_246,Enterprise,Chennai,Tamil Nadu,2024-11-21
C00247,Customer_247,Consumer,Pune,Maharashtra,2023-12-25
C00248,Customer_248,Enterprise,Ahmedabad,Gujarat,2025-02-10
C00249,Customer_249,Enterprise,Jaipur,Rajasthan,2025-06-30
C00250,Customer_250,Small Business,Pune,Maharashtra,2023-12-05
C00251,Customer_251,Consumer,Kochi,Kerala,2022-04-19
C00252,Customer_252,Consumer,Kochi,Kerala,2020-08-28
C00253,Customer_253,Small Business,Chennai,Tamil Nadu,2021-06-19
C00254,Customer_254,Consumer,Hyderabad,Telangana,2023-11-08
C00255,Customer_255,Consumer,Pune,Maharashtra,2020-03-23
C00256,Customer_256,Consumer,Kolkata,West Bengal,2022-09-08
C00257,Customer_257,Enterprise,Hyderabad,Telangana,2022-08-08
C00258,Customer_258,Small Business,Ahmedabad,Gujarat,2021-09-02
C00259,Customer_259,Consumer,Kochi,Kerala,2021-07-27
C00260,Customer_260,Consumer,Chennai,Tamil Nadu,2022-09-15
C00261,Customer_261,Small Business,Delhi,Delhi,2021-04-03
C00262,Customer_262,Enterprise,Kochi,Kerala,2025-12-13
C00263,Customer_263,Consumer,Jaipur,Rajasthan,2024-03-02
C00264,Customer_264,Consumer,Bengaluru,Karnataka,2025-06-07
C00265,Customer_265,Small Business,Delhi,Delhi,2024-04-15
C00266,Customer_266,Small Business,Chennai,Tamil Nadu,2025-11-29
C00267,Customer_267,Small Business,Kolkata,West Bengal,2020-05-01
C00268,Customer_268,Small Business,Delhi,Delhi,2020-09-29
C00269,Customer_269,Consumer,Jaipur,Rajasthan,2023-08-10
C00270,Customer_270,Consumer,Hyderabad,Telangana,2021-02-01
C00271,Customer_271,Small Business,Kolkata,West Bengal,2022-09-11
C00272,Customer_272,Small Business,Kochi,Kerala,2023-05-15
C00273,Customer_273,Small Business,Kolkata,West Bengal,2023-02-07
C00274,Customer_274,Enterprise,Pune,Maharashtra,2023-07-25
C00275,Customer_275,Consumer,Jaipur,Rajasthan,2025-03-25
C00276,Customer_276,Consumer,Delhi,Delhi,2024-02-14
C00277,Customer_277,Small Business,Pune,Maharashtra,2025-03-31
C00278,Customer_278,Small Business,Kolkata,West Bengal,2022-03-30
C00279,Customer_279,Small Business,Pune,Maharashtra,2025-05-10
C00280,Customer_280,Small Business,Mumbai,Maharashtra,2020-06-27
C00281,Customer_281,Small Business,Jaipur,Rajasthan,2022-06-15
C00282,Customer_282,Consumer,Ahmedabad,Gujarat,2025-05-26
C00283,Customer_283,Consumer,Hyderabad,Telangana,2024-03-31
C00284,Customer_284,Consumer,Kolkata,West Bengal,2021-05-06
C00285,Customer_285,Consumer,Jaipur,Rajasthan,2020-03-01
C00286,Customer_286,Consumer,Ahmedabad,Gujarat,2022-12-13
C00287,Customer_287,Consumer,Ahmedabad,Gujarat,2024-08-30
C00288,Customer_288,Consumer,Chennai,Tamil Nadu,2020-03-05
C00289,Customer_289,Consumer,Pune,Maharashtra,2021-08-08
C00290,Customer_290,Consumer,Ahmedabad,Gujarat,2024-09-23
C00291,Customer_291,Consumer,Mumbai,Maharashtra,2021-06-18
C00292,Customer_292,Consumer,Jaipur,Rajasthan,2025-11-25
C00293,Customer_293,Small Business,Bengaluru,Karnataka,2025-02-13
C00294,Customer_294,Consumer,Bengaluru,Karnataka,2022-10-01
C00295,Customer_295,Consumer,Kolkata,West Bengal,2023-05-14
C00296,Customer_296,Consumer,Kochi,Kerala,2022-11-05
C00297,Customer_297,Small Business,Pune,Maharashtra,2020-11-22
C00298,Customer_298,Consumer,Kochi,Kerala,2021-08-30
C00299,Customer_299,Small Business,Ahmedabad,Gujarat,2020-01-02
C00300,Customer_300,Consumer,Jaipur,Rajasthan,2022-10-30
C00301,Customer_301,Consumer,Kolkata,West Bengal,2020-05-04
C00302,Customer_302,Consumer,Delhi,Delhi,2023-01-09
C00303,Customer_303,Consumer,Ahmedabad,Gujarat,2025-02-04
C00304,Customer_304,Small Business,Pune,Maharashtra,2023-03-19
C00305,Customer_305,Small Business,Bengaluru,Karnataka,2020-05-08
C00306,Customer_306,Enterprise,Chennai,Tamil Nadu,2021-03-13
C00307,Customer_307,Consumer,Jaipur,Rajasthan,2022-01-20
C00308,Customer_308,Consumer,Hyderabad,Telangana,2023-05-06
C00309,Customer_309,Small Business,Kochi,Kerala,2022-06-20
C00310,Customer_310,Consumer,Kolkata,West Bengal,2025-09-23
C00311,Customer_311,Consumer,Kochi,Kerala,2023-07-26
C00312,Customer_312,Consumer,Jaipur,Rajasthan,2023-12-04
C00313,Customer_313,Consumer,Kochi,Kerala,2021-01-25
C00314,Customer_314,Enterprise,Jaipur,Rajasthan,2022-12-03
C00315,Customer_315,Small Business,Kochi,Kerala,2020-01-27
C00316,Customer_316,Small Business,Mumbai,Maharashtra,2021-07-01
C00317,Customer_317,Consumer,Delhi,Delhi,2021-07-20
C00318,Customer_318,Consumer,Ahmedabad,Gujarat,2021-12-04
C00319,Customer_319,Consumer,Ahmedabad,Gujarat,2023-05-27
C00320,Customer_320,Consumer,Pune,Maharashtra,2020-07-03
C00321,Customer_321,Consumer,Hyderabad,Telangana,2024-05-09
C00322,Customer_322,Small Business,Hyderabad,Telangana,2025-03-28
C00323,Customer_323,Small Business,Pune,Maharashtra,2022-04-27
C00324,Customer_324,Consumer,Chennai,Tamil Nadu,2021-08-21
C00325,Customer_325,Enterprise,Ahmedabad,Gujarat,2022-03-16
C00326,Customer_326,Small Business,Chennai,Tamil Nadu,2023-09-19
C00327,Customer_327,Consumer,Jaipur,Rajasthan,2025-10-27
C00328,Customer_328,Small Business,Jaipur,Rajasthan,2025-02-21
C00329,Customer_329,Consumer,Bengaluru,Karnataka,2021-06-29
C00330,Customer_330,Consumer,Kochi,Kerala,2024-06-20
C00331,Customer_331,Consumer,Hyderabad,Telangana,2025-09-10
C00332,Customer_332,Small Business,Bengaluru,Karnataka,2025-04-10
C00333,Customer_333,Consumer,Delhi,Delhi,2021-09-08
C00334,Customer_334,Consumer,Pune,Maharashtra,2023-04-18
C00335,Customer_335,Consumer,Pune,Maharashtra,2024-10-25
C00336,Customer_336,Consumer,Jaipur,Rajasthan,2020-08-13
C00337,Customer_337,Small Business,Ahmedabad,Gujarat,2021-10-31
C00338,Customer_338,Small Business,Chennai,Tamil Nadu,2024-10-29
C00339,Customer_339,Consumer,Hyderabad,Telangana,2022-07-05
C00340,Customer_340,Consumer,Bengaluru,Karnataka,2025-12-13
C00341,Customer_341,Consumer,Chennai,Tamil Nadu,2025-10-22
C00342,Customer_342,Consumer,Bengaluru,Karnataka,2023-04-29
C00343,Customer_343,Consumer,Kochi,Kerala,2024-09-01
C00344,Customer_344,Consumer,Delhi,Delhi,2025-01-16
C00345,Customer_345,Consumer,Delhi,Delhi,2025-06-06
C00346,Customer_346,Small Business,Chennai,Tamil Nadu,2020-02-25
C00347,Customer_347,Small Business,Chennai,Tamil Nadu,2021-12-20
C00348,Customer_348,Consumer,Chennai,Tamil Nadu,2025-09-10
C00349,Customer_349,Consumer,Bengaluru,Karnataka,2021-07-27
C00350,Customer_350,Small Business,Kochi,Kerala,2021-10-28
C00351,Customer_351,Consumer,,Maharashtra,2020-10-10
C00352,Customer_352,Small Business,Chennai,Tamil Nadu,2024-10-10
C00353,Customer_353,Small Business,Ahmedabad,Gujarat,2021-05-12
C00354,Customer_354,Consumer,Hyderabad,Telangana,2024-01-05
C00355,Customer_355,Consumer,Hyderabad,Telangana,2020-05-09
C00356,Customer_356,Small Business,Bengaluru,Karnataka,2021-09-30
C00357,Customer_357,Consumer,Chennai,Tamil Nadu,2025-12-01
C00358,Customer_358,Consumer,Jaipur,Rajasthan,2025-08-22
C00359,Customer_359,Enterprise,Pune,Maharashtra,2022-09-12
C00360,Customer_360,Consumer,Mumbai,Maharashtra,2022-09-19
C00361,Customer_361,Consumer,Ahmedabad,Gujarat,2025-10-22
C00362,Customer_362,Small Business,Kochi,Kerala,2020-04-10
C00363,Customer_363,Consumer,Jaipur,Rajasthan,2021-03-02
C00364,Customer_364,Consumer,Delhi,Delhi,2020-02-10
C00365,Customer_365,Enterprise,Jaipur,Rajasthan,2021-03-04
C00366,Customer_366,Consumer,Bengaluru,Karnataka,2020-12-09
C00367,Customer_367,Enterprise,Mumbai,Maharashtra,2020-12-31
C00368,Customer_368,Enterprise,Kolkata,West Bengal,2021-08-31
C00369,Customer_369,Consumer,Kolkata,West Bengal,2021-12-28
C00370,Customer_370,Consumer,Chennai,Tamil Nadu,2022-04-04
C00371,Customer_371,Consumer,Chennai,Tamil Nadu,2023-10-07
C00372,Customer_372,Consumer,Bengaluru,Karnataka,2022-06-07
C00373,Customer_373,Consumer,Kochi,Kerala,2025-08-05
C00374,Customer_374,Small Business,Chennai,Tamil Nadu,2023-09-03
C00375,Customer_375,Consumer,Pune,Maharashtra,2023-07-20
C00376,Customer_376,Consumer,Mumbai,Maharashtra,2020-04-26
C00377,Customer_377,Small Business,Bengaluru,Karnataka,2023-01-22
C00378,Customer_378,Consumer,Hyderabad,Telangana,2020-06-16
C00379,Customer_379,Small Business,Delhi,Delhi,2024-10-04
C00380,Customer_380,Consumer,Bengaluru,Karnataka,2023-09-26
C00381,Customer_381,Consumer,Bengaluru,Karnataka,2021-11-25
C00382,Customer_382,Small Business,Kolkata,West Bengal,2022-07-13
C00383,Customer_383,Small Business,Ahmedabad,Gujarat,2020-05-31
C00384,Customer_384,Small Business,Kochi,Kerala,2021-08-08
C00385,Customer_385,Small Business,Ahmedabad,Gujarat,2022-07-01
C00386,Customer_386,Small Business,Pune,Maharashtra,2024-04-26
C00387,Customer_387,Consumer,Hyderabad,Telangana,2021-05-10
C00388,Customer_388,Consumer,Kolkata,West Bengal,2025-11-18
C00389,Customer_389,Small Business,Hyderabad,Telangana,2021-07-10
C00390,Customer_390,Small Business,Pune,Maharashtra,2023-01-10
C00391,Customer_391,Enterprise,Ahmedabad,Gujarat,2024-04-01
C00392,Customer_392,Consumer,Bengaluru,Karnataka,2025-10-21
C00393,Customer_393,Consumer,Chennai,Tamil Nadu,2020-06-05
C00394,Customer_394,Small Business,Chennai,Tamil Nadu,2022-01-04
C00395,Customer_395,Consumer,Jaipur,Rajasthan,2025-12-19
C00396,Customer_396,Enterprise,Delhi,Delhi,2023-11-28
C00397,Customer_397,Small Business,Kochi,Kerala,2021-07-12
C00398,Customer_398,Consumer,Pune,Maharashtra,2025-11-24
C00399,Customer_399,Small Business,Delhi,Delhi,2020-06-03
C00400,Customer_400,Small Business,Kochi,Kerala,2022-09-23
C00401,Customer_401,Consumer,Delhi,Delhi,2021-06-14
C00402,Customer_402,Enterprise,Ahmedabad,Gujarat,2025-05-25
C00403,Customer_403,Consumer,Kochi,Kerala,2021-12-29
C00404,Customer_404,Small Business,Ahmedabad,Gujarat,2023-03-23
C00405,Customer_405,Consumer,Bengaluru,Karnataka,2020-06-02
C00406,Customer_406,Small Business,Kolkata,West Bengal,2020-04-01
C00407,Customer_407,Consumer,Ahmedabad,Gujarat,2024-02-12
C00408,Customer_408,Consumer,Chennai,Tamil Nadu,2024-09-12
C00409,Customer_409,Enterprise,Delhi,Delhi,2025-07-09
C00410,Customer_410,Consumer,Jaipur,Rajasthan,2022-02-25
C00411,Customer_411,Consumer,Mumbai,Maharashtra,2020-09-29
C00412,Customer_412,Enterprise,Kochi,Kerala,2025-07-20
C00413,Customer_413,Enterprise,Pune,Maharashtra,2020-06-25
C00414,Customer_414,Consumer,Jaipur,Rajasthan,2021-10-04
C00415,Customer_415,Small Business,Chennai,Tamil Nadu,2025-03-13
C00416,Customer_416,Consumer,,Gujarat,2021-07-20
C00417,Customer_417,Consumer,Kolkata,West Bengal,2021-10-27
C00418,Customer_418,Consumer,Bengaluru,Karnataka,2023-08-24
C00419,Customer_419,Small Business,Mumbai,Maharashtra,2024-12-03
C00420,Customer_420,Small Business,Hyderabad,Telangana,2022-12-05
C00421,Customer_421,Small Business,Jaipur,Rajasthan,2021-02-11
C00422,Customer_422,Small Business,Kolkata,West Bengal,2023-04-27
C00423,Customer_423,Consumer,Hyderabad,Telangana,2025-01-27
C00424,Customer_424,Consumer,Mumbai,Maharashtra,2023-02-26
C00425,Customer_425,Consumer,Pune,Maharashtra,2023-02-15
C00426,Customer_426,Consumer,Pune,Maharashtra,2020-05-23
C00427,Customer_427,Consumer,Delhi,Delhi,2021-05-01
C00428,Customer_428,Small Business,Mumbai,Maharashtra,2022-05-09
C00429,Customer_429,Consumer,Mumbai,Maharashtra,2025-04-19
C00430,Customer_430,Consumer,Hyderabad,Telangana,2020-05-27
C00431,Customer_431,Consumer,Kolkata,West Bengal,2023-09-21
C00432,Customer_432,Small Business,Kochi,Kerala,2023-09-19
C00433,Customer_433,Small Business,Hyderabad,Telangana,2020-03-30
C00434,Customer_434,Consumer,Bengaluru,Karnataka,2023-09-19
C00435,Customer_435,Consumer,Pune,Maharashtra,2020-07-17
C00436,Customer_436,Small Business,Pune,Maharashtra,2021-06-21
C00437,Customer_437,Consumer,Delhi,Delhi,2020-10-27
C00438,Customer_438,Small Business,Bengaluru,Karnataka,2021-12-24
C00439,Customer_439,Small Business,Pune,Maharashtra,2024-05-17
C00440,Customer_440,Consumer,Hyderabad,Telangana,2023-12-30
C00441,Customer_441,Consumer,Bengaluru,Karnataka,2020-03-08
C00442,Customer_442,Enterprise,Hyderabad,Telangana,2024-03-17
C00443,Customer_443,Consumer,Kochi,Kerala,2021-02-01
C00444,Customer_444,Consumer,Kochi,Kerala,2021-09-11
C00445,Customer_445,Small Business,Pune,Maharashtra,2024-05-03
C00446,Customer_446,Enterprise,Pune,Maharashtra,2023-03-09
C00447,Customer_447,Enterprise,Kolkata,West Bengal,2021-12-30
C00448,Customer_448,Small Business,Kochi,Kerala,2021-07-09
C00449,Customer_449,Consumer,Jaipur,Rajasthan,2025-05-06
C00450,Customer_450,Consumer,Jaipur,Rajasthan,2024-10-17
C00451,Customer_451,Small Business,Delhi,Delhi,2022-09-22
C00452,Customer_452,Consumer,Kochi,Kerala,2025-05-13
C00453,Customer_453,Consumer,Hyderabad,Telangana,2024-05-20
C00454,Customer_454,Enterprise,Hyderabad,Telangana,2024-01-20
C00455,Customer_455,Consumer,Chennai,Tamil Nadu,2025-11-04
C00456,Customer_456,Consumer,Bengaluru,Karnataka,2023-01-07
C00457,Customer_457,Consumer,Ahmedabad,Gujarat,2023-11-04
C00458,Customer_458,Consumer,Jaipur,Rajasthan,2025-12-17
C00459,Customer_459,Consumer,Pune,Maharashtra,2023-07-23
C00460,Customer_460,Consumer,Delhi,Delhi,2024-09-18
C00461,Customer_461,Consumer,Ahmedabad,Gujarat,2022-06-17
C00462,Customer_462,Small Business,,Maharashtra,2023-04-21
C00463,Customer_463,Small Business,Delhi,Delhi,2024-03-15
C00464,Customer_464,Consumer,Mumbai,Maharashtra,2020-03-18
C00465,Customer_465,Enterprise,Kochi,Kerala,2024-03-12
C00466,Customer_466,Consumer,Mumbai,Maharashtra,2020-08-25
C00467,Customer_467,Consumer,Mumbai,Maharashtra,2023-03-03
C00468,Customer_468,Small Business,Kolkata,West Bengal,2025-06-19
C00469,Customer_469,Consumer,Kolkata,West Bengal,2023-04-30
C00470,Customer_470,Enterprise,Kolkata,West Bengal,2020-10-04
C00471,Customer_471,Consumer,Kochi,Kerala,2021-06-07
C00472,Customer_472,Enterprise,Ahmedabad,Gujarat,2020-06-28
C00473,Customer_473,Consumer,Delhi,Delhi,2020-05-02
C00474,Customer_474,Small Business,Delhi,Delhi,2023-06-23
C00475,Customer_475,Consumer,Pune,Maharashtra,2024-10-23
C00476,Customer_476,Enterprise,Kolkata,West Bengal,2022-12-30
C00477,Customer_477,Consumer,Kochi,Kerala,2021-04-24
C00478,Customer_478,Consumer,Pune,Maharashtra,2024-12-02
C00479,Customer_479,Enterprise,Bengaluru,Karnataka,2025-11-01
C00480,Customer_480,Consumer,Pune,Maharashtra,2022-03-26
C00481,Customer_481,Small Business,Ahmedabad,Gujarat,2021-03-18
C00482,Customer_482,Small Business,Jaipur,Rajasthan,2020-05-22
C00483,Customer_483,Consumer,Mumbai,Maharashtra,2020-07-10
C00484,Customer_484,Small Business,Kolkata,West Bengal,2023-11-11
C00485,Customer_485,Consumer,Jaipur,Rajasthan,2021-01-12
C00486,Customer_486,Enterprise,Pune,Maharashtra,2021-06-18
C00487,Customer_487,Consumer,Kochi,Kerala,2024-09-12
C00488,Customer_488,Consumer,Mumbai,Maharashtra,2022-10-29
C00489,Customer_489,Enterprise,Delhi,Delhi,2023-11-11
C00490,Customer_490,Small Business,Hyderabad,Telangana,2025-11-10
C00491,Customer_491,Consumer,Mumbai,Maharashtra,2025-06-12
C00492,Customer_492,Small Business,Ahmedabad,Gujarat,2023-03-23
C00493,Customer_493,Consumer,Ahmedabad,Gujarat,2021-02-08
C00494,Customer_494,Consumer,Pune,Maharashtra,2023-03-18
C00495,Customer_495,Consumer,Bengaluru,Karnataka,2022-06-07
C00496,Customer_496,Consumer,Ahmedabad,Gujarat,2021-02-25
C00497,Customer_497,Consumer,Ahmedabad,Gujarat,2024-06-29
C00498,Customer_498,Consumer,Kochi,Kerala,2021-04-16
C00499,Customer_499,Enterprise,,Maharashtra,2021-06-30
C00500,Customer_500,Enterprise,Mumbai,Maharashtra,2021-09-22
C00501,Customer_501,Small Business,Bengaluru,Karnataka,2022-11-03
C00502,Customer_502,Consumer,Jaipur,Rajasthan,2025-01-03
C00503,Customer_503,Consumer,Hyderabad,Telangana,2020-12-29
C00504,Customer_504,Small Business,Kolkata,West Bengal,2025-12-06
C00505,Customer_505,Small Business,Delhi,Delhi,2021-06-29
C00506,Customer_506,Consumer,Ahmedabad,Gujarat,2021-09-25
C00507,Customer_507,Enterprise,Pune,Maharashtra,2025-04-20
C00508,Customer_508,Small Business,Kolkata,West Bengal,2024-08-07
C00509,Customer_509,Enterprise,Delhi,Delhi,2022-08-20
C00510,Customer_510,Small Business,Delhi,Delhi,2022-06-01
C00511,Customer_511,Small Business,Jaipur,Rajasthan,2022-05-20
C00512,Customer_512,Consumer,Jaipur,Rajasthan,2021-05-30
C00513,Customer_513,Enterprise,Jaipur,Rajasthan,2023-11-21
C00514,Customer_514,Small Business,Chennai,Tamil Nadu,2022-05-15
C00515,Customer_515,Consumer,Chennai,Tamil Nadu,2025-11-23
C00516,Customer_516,Consumer,Delhi,Delhi,2023-01-13
C00517,Customer_517,Consumer,Jaipur,Rajasthan,2020-08-01
C00518,Customer_518,Small Business,Kochi,Kerala,2020-01-19
C00519,Customer_519,Enterprise,Ahmedabad,Gujarat,2021-10-03
C00520,Customer_520,Consumer,Kolkata,West Bengal,2023-01-09
C00521,Customer_521,Consumer,Kolkata,West Bengal,2020-11-25
C00522,Customer_522,Consumer,Chennai,Tamil Nadu,2022-05-15
C00523,Customer_523,Enterprise,Delhi,Delhi,2022-02-12
C00524,Customer_524,Small Business,Pune,Maharashtra,2021-01-26
C00525,Customer_525,Small Business,Mumbai,Maharashtra,2021-09-28
C00526,Customer_526,Consumer,Mumbai,Maharashtra,2022-10-22
C00527,Customer_527,Consumer,Chennai,Tamil Nadu,2024-08-01
C00528,Customer_528,Consumer,Pune,Maharashtra,2022-01-09
C00529,Customer_529,Consumer,Chennai,Tamil Nadu,2024-03-25
C00530,Customer_530,Small Business,Mumbai,Maharashtra,2021-04-13
C00531,Customer_531,Small Business,Pune,Maharashtra,2023-02-09
C00532,Customer_532,Enterprise,Jaipur,Rajasthan,2022-10-28
C00533,Customer_533,Enterprise,Delhi,Delhi,2022-05-23
C00534,Customer_534,Consumer,Kolkata,West Bengal,2021-04-04
C00535,Customer_535,Small Business,Kochi,Kerala,2024-03-29
C00536,Customer_536,Enterprise,Bengaluru,Karnataka,2022-01-21
C00537,Customer_537,Small Business,Delhi,Delhi,2024-01-01
C00538,Customer_538,Consumer,Jaipur,Rajasthan,2024-11-12
C00539,Customer_539,Consumer,Mumbai,Maharashtra,2022-05-03
C00540,Customer_540,Consumer,Jaipur,Rajasthan,2023-08-22
C00541,Customer_541,Enterprise,Chennai,Tamil Nadu,2021-04-22
C00542,Customer_542,Small Business,Pune,Maharashtra,2020-05-14
C00543,Customer_543,Consumer,Kolkata,West Bengal,2023-02-26
C00544,Customer_544,Small Business,Ahmedabad,Gujarat,2021-02-13
C00545,Customer_545,Small Business,Chennai,Tamil Nadu,2023-12-16
C00546,Customer_546,Consumer,Delhi,Delhi,2023-08-10
C00547,Customer_547,Consumer,Chennai,Tamil Nadu,2023-06-23
C00548,Customer_548,Small Business,Delhi,Delhi,2024-04-28
C00549,Customer_549,Consumer,Ahmedabad,Gujarat,2020-03-26
C00550,Customer_550,Small Business,Hyderabad,Telangana,2025-02-08
C00551,Customer_551,Consumer,Kolkata,West Bengal,2024-01-09
C00552,Customer_552,Small Business,Kochi,Kerala,2021-01-12
C00553,Customer_553,Consumer,Kochi,Kerala,2024-08-07
C00554,Customer_554,Consumer,Bengaluru,Karnataka,2022-12-10
C00555,Customer_555,Small Business,Jaipur,Rajasthan,2020-08-29
C00556,Customer_556,Consumer,,Telangana,2022-07-08
C00557,Customer_557,Consumer,Kochi,Kerala,2024-05-05
C00558,Customer_558,Consumer,Chennai,Tamil Nadu,2023-06-25
C00559,Customer_559,Small Business,Jaipur,Rajasthan,2020-03-10
C00560,Customer_560,Small Business,Hyderabad,Telangana,2025-10-05
C00561,Customer_561,Small Business,Pune,Maharashtra,2023-11-06
C00562,Customer_562,Consumer,Pune,Maharashtra,2025-09-17
C00563,Customer_563,Consumer,Jaipur,Rajasthan,2025-06-30
C00564,Customer_564,Consumer,Delhi,Delhi,2022-03-11
C00565,Customer_565,Consumer,Delhi,Delhi,2022-11-07
C00566,Customer_566,Consumer,Chennai,Tamil Nadu,2022-04-04
C00567,Customer_567,Consumer,Hyderabad,Telangana,2022-01-25
C00568,Customer_568,Consumer,Hyderabad,Telangana,2025-06-18
C00569,Customer_569,Enterprise,Jaipur,Rajasthan,2025-01-13
C00570,Customer_570,Consumer,Mumbai,Maharashtra,2023-08-14
C00571,Customer_571,Consumer,Pune,Maharashtra,2024-05-28
C00572,Customer_572,Small Business,Hyderabad,Telangana,2020-04-19
C00573,Customer_573,Consumer,Jaipur,Rajasthan,2022-10-13
C00574,Customer_574,Small Business,Ahmedabad,Gujarat,2025-05-15
C00575,Customer_575,Small Business,Bengaluru,Karnataka,2024-11-04
C00576,Customer_576,Enterprise,Ahmedabad,Gujarat,2020-01-25
C00577,Customer_577,Consumer,Kolkata,West Bengal,2022-04-22
C00578,Customer_578,Enterprise,Chennai,Tamil Nadu,2022-01-07
C00579,Customer_579,Consumer,Hyderabad,Telangana,2025-10-05
C00580,Customer_580,Consumer,Kolkata,West Bengal,2020-06-28
C00581,Customer_581,Consumer,Kochi,Kerala,2020-08-19
C00582,Customer_582,Enterprise,Kolkata,West Bengal,2025-04-01
C00583,Customer_583,Consumer,Jaipur,Rajasthan,2020-12-08
C00584,Customer_584,Consumer,Hyderabad,Telangana,2021-04-21
C00585,Customer_585,Small Business,Bengaluru,Karnataka,2024-12-27
C00586,Customer_586,Consumer,Jaipur,Rajasthan,2021-03-30
C00587,Customer_587,Consumer,Jaipur,Rajasthan,2023-06-09
C00588,Customer_588,Consumer,Chennai,Tamil Nadu,2020-10-15
C00589,Customer_589,Consumer,Chennai,Tamil Nadu,2023-05-21
C00590,Customer_590,Consumer,Pune,Maharashtra,2021-06-13
C00591,Customer_591,Consumer,Pune,Maharashtra,2021-08-18
C00592,Customer_592,Small Business,Delhi,Delhi,2021-03-10
C00593,Customer_593,Consumer,Mumbai,Maharashtra,2022-05-31
C00594,Customer_594,Consumer,Hyderabad,Telangana,2024-11-16
C00595,Customer_595,Small Business,Hyderabad,Telangana,2021-02-05
C00596,Customer_596,Consumer,Kolkata,West Bengal,2025-11-05
C00597,Customer_597,Small Business,Hyderabad,Telangana,2024-04-14
C00598,Customer_598,Consumer,Hyderabad,Telangana,2020-11-04
C00599,Customer_599,Consumer,Mumbai,Maharashtra,2020-12-08
C00600,Customer_600,Consumer,Kochi,Kerala,2021-03-11
C00601,Customer_601,Consumer,Pune,Maharashtra,2020-06-25
C00602,Customer_602,Consumer,Pune,Maharashtra,2020-05-18
C00603,Customer_603,Consumer,Bengaluru,Karnataka,2020-07-12
C00604,Customer_604,Consumer,Hyderabad,Telangana,2023-03-30
C00605,Customer_605,Consumer,Mumbai,Maharashtra,2022-07-31
C00606,Customer_606,Consumer,Pune,Maharashtra,2021-06-08
C00607,Customer_607,Consumer,Mumbai,Maharashtra,2024-06-12
C00608,Customer_608,Consumer,Ahmedabad,Gujarat,2022-01-10
C00609,Customer_609,Consumer,Kochi,Kerala,2022-05-11
C00610,Customer_610,Small Business,Hyderabad,Telangana,2022-08-11
C00611,Customer_611,Consumer,Bengaluru,Karnataka,2023-07-26
C00612,Customer_612,Small Business,Kolkata,West Bengal,2023-06-28
C00613,Customer_613,Small Business,Pune,Maharashtra,2024-10-09
C00614,Customer_614,Consumer,Ahmedabad,Gujarat,2025-12-27
C00615,Customer_615,Small Business,Mumbai,Maharashtra,2022-03-02
C00616,Customer_616,Enterprise,Chennai,Tamil Nadu,2021-06-29
C00617,Customer_617,Consumer,Jaipur,Rajasthan,2025-01-18
C00618,Customer_618,Consumer,Hyderabad,Telangana,2022-10-13
C00619,Customer_619,Small Business,Hyderabad,Telangana,2025-04-11
C00620,Customer_620,Small Business,Ahmedabad,Gujarat,2024-04-02
C00621,Customer_621,Consumer,Mumbai,Maharashtra,2020-02-26
C00622,Customer_622,Consumer,Delhi,Delhi,2025-11-29
C00623,Customer_623,Consumer,Hyderabad,Telangana,2020-01-05
C00624,Customer_624,Consumer,Delhi,Delhi,2023-12-08
C00625,Customer_625,Small Business,Chennai,Tamil Nadu,2023-09-24
C00626,Customer_626,Consumer,Ahmedabad,Gujarat,2024-12-25
C00627,Customer_627,Consumer,Mumbai,Maharashtra,2023-07-06
C00628,Customer_628,Small Business,Mumbai,Maharashtra,2025-11-07
C00629,Customer_629,Consumer,Kochi,Kerala,2023-06-27
C00630,Customer_630,Consumer,Jaipur,Rajasthan,2023-02-05
C00631,Customer_631,Small Business,Pune,Maharashtra,2021-10-29
C00632,Customer_632,Small Business,Pune,Maharashtra,2023-07-05
C00633,Customer_633,Consumer,Kolkata,West Bengal,2022-09-23
C00634,Customer_634,Consumer,Bengaluru,Karnataka,2025-04-10
C00635,Customer_635,Consumer,Ahmedabad,Gujarat,2020-10-08
C00636,Customer_636,Consumer,Chennai,Tamil Nadu,2023-05-12
C00637,Customer_637,Consumer,Mumbai,Maharashtra,2025-08-25
C00638,Customer_638,Consumer,Jaipur,Rajasthan,2022-07-24
C00639,Customer_639,Consumer,Delhi,Delhi,2020-09-10
C00640,Customer_640,Consumer,Ahmedabad,Gujarat,2023-04-26
C00641,Customer_641,Consumer,Kolkata,West Bengal,2020-11-24
C00642,Customer_642,Consumer,Ahmedabad,Gujarat,2023-11-21
C00643,Customer_643,Consumer,Kolkata,West Bengal,2024-03-20
C00644,Customer_644,Consumer,Mumbai,Maharashtra,2023-04-07
C00645,Customer_645,Consumer,Bengaluru,Karnataka,2024-09-12
C00646,Customer_646,Small Business,Kolkata,West Bengal,2023-04-16
C00647,Customer_647,Consumer,Mumbai,Maharashtra,2021-10-16
C00648,Customer_648,Small Business,Mumbai,Maharashtra,2023-10-17
C00649,Customer_649,Small Business,Bengaluru,Karnataka,2022-01-29
C00650,Customer_650,Consumer,Pune,Maharashtra,2024-12-03
C00651,Customer_651,Consumer,Ahmedabad,Gujarat,2022-11-29
C00652,Customer_652,Consumer,Hyderabad,Telangana,2021-02-19
C00653,Customer_653,Consumer,Hyderabad,Telangana,2020-09-11
C00654,Customer_654,Small Business,Delhi,Delhi,2023-03-12
C00655,Customer_655,Consumer,Delhi,Delhi,2025-02-19
C00656,Customer_656,Consumer,Hyderabad,Telangana,2022-06-18
C00657,Customer_657,Consumer,Chennai,Tamil Nadu,2025-08-20
C00658,Customer_658,Consumer,Hyderabad,Telangana,2020-01-26
C00659,Customer_659,Small Business,Delhi,Delhi,2021-02-24
C00660,Customer_660,Consumer,Jaipur,Rajasthan,2023-05-29
C00661,Customer_661,Consumer,Delhi,Delhi,2025-02-19
C00662,Customer_662,Enterprise,Chennai,Tamil Nadu,2023-06-14
C00663,Customer_663,Small Business,Ahmedabad,Gujarat,2022-10-05
C00664,Customer_664,Consumer,Hyderabad,Telangana,2020-08-06
C00665,Customer_665,Consumer,Bengaluru,Karnataka,2024-02-19
C00666,Customer_666,Consumer,Jaipur,Rajasthan,2025-05-13
C00667,Customer_667,Consumer,Mumbai,Maharashtra,2021-10-24
C00668,Customer_668,Consumer,Chennai,Tamil Nadu,2022-09-16
C00669,Customer_669,Consumer,Delhi,Delhi,2020-07-07
C00670,Customer_670,Consumer,Bengaluru,Karnataka,2020-09-11
C00671,Customer_671,Consumer,Kolkata,West Bengal,2020-03-08
C00672,Customer_672,Small Business,Pune,Maharashtra,2021-09-07
C00673,Customer_673,Consumer,Hyderabad,Telangana,2022-05-23
C00674,Customer_674,Consumer,Pune,Maharashtra,2024-06-13
C00675,Customer_675,Consumer,Chennai,Tamil Nadu,2020-12-22
C00676,Customer_676,Enterprise,Kolkata,West Bengal,2020-09-12
C00677,Customer_677,Consumer,Kolkata,West Bengal,2022-10-04
C00678,Customer_678,Consumer,Kolkata,West Bengal,2024-10-21
C00679,Customer_679,Enterprise,Mumbai,Maharashtra,2020-10-10
C00680,Customer_680,Small Business,Chennai,Tamil Nadu,2020-04-08
C00681,Customer_681,Small Business,Ahmedabad,Gujarat,2020-07-15
C00682,Customer_682,Consumer,Pune,Maharashtra,2022-05-27
C00683,Customer_683,Consumer,Ahmedabad,Gujarat,2025-02-11
C00684,Customer_684,Small Business,Bengaluru,Karnataka,2023-10-20
C00685,Customer_685,Enterprise,Kochi,Kerala,2021-07-23
C00686,Customer_686,Consumer,Jaipur,Rajasthan,2022-12-01
C00687,Customer_687,Consumer,Jaipur,Rajasthan,2021-02-25
C00688,Customer_688,Consumer,Ahmedabad,Gujarat,2023-04-19
C00689,Customer_689,Small Business,Kochi,Kerala,2021-06-28
C00690,Customer_690,Consumer,Kochi,Kerala,2020-03-11
C00691,Customer_691,Consumer,Hyderabad,Telangana,2023-05-08
C00692,Customer_692,Consumer,Bengaluru,Karnataka,2022-02-06
C00693,Customer_693,Consumer,Chennai,Tamil Nadu,2024-09-02
C00694,Customer_694,Consumer,Kochi,Kerala,2021-10-16
C00695,Customer_695,Consumer,Delhi,Delhi,2024-12-01
C00696,Customer_696,Small Business,Jaipur,Rajasthan,2020-08-08
C00697,Customer_697,Consumer,Delhi,Delhi,2020-06-30
C00698,Customer_698,Consumer,Bengaluru,Karnataka,2020-11-02
C00699,Customer_699,Consumer,Kochi,Kerala,2023-11-20
C00700,Customer_700,Consumer,Pune,Maharashtra,2022-10-10
C00701,Customer_701,Consumer,Jaipur,Rajasthan,2025-08-13
C00702,Customer_702,Consumer,Hyderabad,Telangana,2022-04-27
C00703,Customer_703,Consumer,Hyderabad,Telangana,2022-03-14
C00704,Customer_704,Consumer,Kolkata,West Bengal,2020-08-02
C00705,Customer_705,Consumer,Mumbai,Maharashtra,2023-12-14
C00706,Customer_706,Enterprise,Kochi,Kerala,2020-04-10
C00707,Customer_707,Consumer,Bengaluru,Karnataka,2021-07-26
C00708,Customer_708,Small Business,Jaipur,Rajasthan,2023-08-25
C00709,Customer_709,Consumer,Mumbai,Maharashtra,2021-10-19
C00710,Customer_710,Small Business,Bengaluru,Karnataka,2024-03-13
C00711,Customer_711,Small Business,Ahmedabad,Gujarat,2024-07-14
C00712,Customer_712,Consumer,Kochi,Kerala,2020-08-13
C00713,Customer_713,Consumer,Chennai,Tamil Nadu,2020-04-14
C00714,Customer_714,Consumer,Chennai,Tamil Nadu,2025-06-20
C00715,Customer_715,Consumer,Kochi,Kerala,2022-02-10
C00716,Customer_716,Enterprise,Kolkata,West Bengal,2021-03-04
C00717,Customer_717,Small Business,Kolkata,West Bengal,2021-03-09
C00718,Customer_718,Enterprise,Chennai,Tamil Nadu,2023-05-15
C00719,Customer_719,Consumer,Pune,Maharashtra,2022-05-15
C00720,Customer_720,Small Business,Jaipur,Rajasthan,2020-09-07
C00721,Customer_721,Enterprise,Chennai,Tamil Nadu,2022-05-05
C00722,Customer_722,Consumer,Pune,Maharashtra,2023-04-08
C00723,Customer_723,Consumer,Mumbai,Maharashtra,2021-07-14
C00724,Customer_724,Small Business,Pune,Maharashtra,2024-01-09
C00725,Customer_725,Consumer,Mumbai,Maharashtra,2022-07-07
C00726,Customer_726,Small Business,Bengaluru,Karnataka,2023-03-19
C00727,Customer_727,Consumer,Delhi,Delhi,2021-03-08
C00728,Customer_728,Small Business,Bengaluru,Karnataka,2025-10-07
C00729,Customer_729,Consumer,Chennai,Tamil Nadu,2022-08-26
C00730,Customer_730,Consumer,Mumbai,Maharashtra,2022-04-15
C00731,Customer_731,Consumer,Chennai,Tamil Nadu,2022-06-16
C00732,Customer_732,Small Business,Kochi,Kerala,2021-04-16
C00733,Customer_733,Small Business,Jaipur,Rajasthan,2020-09-03
C00734,Customer_734,Consumer,Hyderabad,Telangana,2022-09-17
C00735,Customer_735,Consumer,Chennai,Tamil Nadu,2022-07-15
C00736,Customer_736,Small Business,Jaipur,Rajasthan,2023-04-06
C00737,Customer_737,Consumer,Pune,Maharashtra,2022-12-10
C00738,Customer_738,Small Business,Bengaluru,Karnataka,2025-01-08
C00739,Customer_739,Consumer,Pune,Maharashtra,2021-11-19
C00740,Customer_740,Consumer,Hyderabad,Telangana,2024-01-24
C00741,Customer_741,Consumer,Mumbai,Maharashtra,2022-08-17
C00742,Customer_742,Consumer,Kochi,Kerala,2021-04-22
C00743,Customer_743,Small Business,Jaipur,Rajasthan,2021-12-07
C00744,Customer_744,Consumer,Kochi,Kerala,2023-02-11
C00745,Customer_745,Consumer,Delhi,Delhi,2022-01-23
C00746,Customer_746,Small Business,Chennai,Tamil Nadu,2024-07-17
C00747,Customer_747,Consumer,Mumbai,Maharashtra,2021-08-10
C00748,Customer_748,Consumer,Delhi,Delhi,2023-08-27
C00749,Customer_749,Enterprise,Ahmedabad,Gujarat,2024-02-01
C00750,Customer_750,Small Business,Chennai,Tamil Nadu,2025-01-21
C00751,Customer_751,Consumer,Pune,Maharashtra,2020-07-25
C00752,Customer_752,Enterprise,Bengaluru,Karnataka,2020-06-13
C00753,Customer_753,Small Business,Jaipur,Rajasthan,2025-06-21
C00754,Customer_754,Consumer,Hyderabad,Telangana,2025-09-15
C00755,Customer_755,Consumer,Hyderabad,Telangana,2020-11-28
C00756,Customer_756,Small Business,Pune,Maharashtra,2021-02-06
C00757,Customer_757,Small Business,Kolkata,West Bengal,2021-02-17
C00758,Customer_758,Consumer,Hyderabad,Telangana,2020-02-14
C00759,Customer_759,Small Business,Jaipur,Rajasthan,2020-03-02
C00760,Customer_760,Small Business,Pune,Maharashtra,2022-05-17
C00761,Customer_761,Consumer,Mumbai,Maharashtra,2024-01-31
C00762,Customer_762,Consumer,Hyderabad,Telangana,2020-01-19
C00763,Customer_763,Consumer,Kochi,Kerala,2020-12-30
C00764,Customer_764,Small Business,Pune,Maharashtra,2023-02-14
C00765,Customer_765,Consumer,Jaipur,Rajasthan,2021-08-02
C00766,Customer_766,Consumer,Kochi,Kerala,2021-06-29
C00767,Customer_767,Small Business,,Tamil Nadu,2024-09-25
C00768,Customer_768,Small Business,Chennai,Tamil Nadu,2020-02-24
C00769,Customer_769,Consumer,Hyderabad,Telangana,2022-02-16
C00770,Customer_770,Small Business,Kochi,Kerala,2020-02-11
C00771,Customer_771,Consumer,Bengaluru,Karnataka,2023-08-13
C00772,Customer_772,Small Business,Chennai,Tamil Nadu,2020-08-18
C00773,Customer_773,Consumer,Bengaluru,Karnataka,2021-03-28
C00774,Customer_774,Consumer,Mumbai,Maharashtra,2024-03-25
C00775,Customer_775,Small Business,Pune,Maharashtra,2023-10-13
C00776,Customer_776,Consumer,Delhi,Delhi,2024-01-07
C00777,Customer_777,Consumer,Jaipur,Rajasthan,2023-02-25
C00778,Customer_778,Small Business,Pune,Maharashtra,2023-05-01
C00779,Customer_779,Small Business,Jaipur,Rajasthan,2022-05-30
C00780,Customer_780,Small Business,Kochi,Kerala,2020-03-25
C00781,Customer_781,Small Business,Mumbai,Maharashtra,2022-11-19
C00782,Customer_782,Consumer,Ahmedabad,Gujarat,2020-02-18
C00783,Customer_783,Consumer,Hyderabad,Telangana,2023-03-14
C00784,Customer_784,Consumer,Jaipur,Rajasthan,2020-03-09
C00785,Customer_785,Consumer,Jaipur,Rajasthan,2024-08-28
C00786,Customer_786,Enterprise,Kochi,Kerala,2024-05-17
C00787,Customer_787,Consumer,,Karnataka,2025-02-12
C00788,Customer_788,Consumer,Pune,Maharashtra,2022-10-12
C00789,Customer_789,Consumer,Ahmedabad,Gujarat,2021-03-21
C00790,Customer_790,Enterprise,Kolkata,West Bengal,2023-11-02
C00791,Customer_791,Consumer,Hyderabad,Telangana,2025-11-12
C00792,Customer_792,Consumer,Delhi,Delhi,2020-09-18
C00793,Customer_793,Consumer,Kolkata,West Bengal,2025-01-22
C00794,Customer_794,Small Business,Pune,Maharashtra,2022-06-15
C00795,Customer_795,Consumer,Hyderabad,Telangana,2022-12-30
C00796,Customer_796,Small Business,Jaipur,Rajasthan,2024-04-05
C00797,Customer_797,Enterprise,Delhi,Delhi,2020-04-01
C00798,Customer_798,Consumer,Bengaluru,Karnataka,2020-05-06
C00799,Customer_799,Small Business,Ahmedabad,Gujarat,2020-03-20
C00800,Customer_800,Enterprise,Bengaluru,Karnataka,2025-01-21
C00801,Customer_801,Small Business,Mumbai,Maharashtra,2022-09-09
C00802,Customer_802,Consumer,Kochi,Kerala,2022-07-04
C00803,Customer_803,Consumer,Hyderabad,Telangana,2021-11-24
C00804,Customer_804,Small Business,Bengaluru,Karnataka,2020-01-25
C00805,Customer_805,Consumer,Kolkata,West Bengal,2020-06-04
C00806,Customer_806,Small Business,Kochi,Kerala,2024-12-17
C00807,Customer_807,Enterprise,Bengaluru,Karnataka,2024-04-02
C00808,Customer_808,Enterprise,Chennai,Tamil Nadu,2025-05-20
C00809,Customer_809,Consumer,Mumbai,Maharashtra,2024-09-29
C00810,Customer_810,Consumer,Pune,Maharashtra,2022-12-16
C00811,Customer_811,Enterprise,Ahmedabad,Gujarat,2024-06-16
C00812,Customer_812,Small Business,Mumbai,Maharashtra,2020-01-19
C00813,Customer_813,Consumer,Kochi,Kerala,2023-11-08
C00814,Customer_814,Enterprise,Chennai,Tamil Nadu,2023-05-01
C00815,Customer_815,Small Business,Hyderabad,Telangana,2023-11-11
C00816,Customer_816,Consumer,Kolkata,West Bengal,2020-10-03
C00817,Customer_817,Consumer,Ahmedabad,Gujarat,2022-01-14
C00818,Customer_818,Consumer,Ahmedabad,Gujarat,2021-07-05
C00819,Customer_819,Consumer,Mumbai,Maharashtra,2023-03-22
C00820,Customer_820,Consumer,Kochi,Kerala,2021-09-30
C00821,Customer_821,Small Business,Hyderabad,Telangana,2020-08-24
C00822,Customer_822,Consumer,Jaipur,Rajasthan,2022-09-24
C00823,Customer_823,Consumer,Chennai,Tamil Nadu,2025-10-03
C00824,Customer_824,Consumer,Jaipur,Rajasthan,2025-06-26
C00825,Customer_825,Consumer,Kolkata,West Bengal,2023-12-30
C00826,Customer_826,Enterprise,Hyderabad,Telangana,2025-11-26
C00827,Customer_827,Consumer,Hyderabad,Telangana,2023-04-22
C00828,Customer_828,Consumer,Chennai,Tamil Nadu,2023-10-23
C00829,Customer_829,Small Business,Delhi,Delhi,2025-06-29
C00830,Customer_830,Consumer,Jaipur,Rajasthan,2023-05-06
C00831,Customer_831,Consumer,Bengaluru,Karnataka,2023-10-26
C00832,Customer_832,Consumer,Ahmedabad,Gujarat,2021-01-07
C00833,Customer_833,Consumer,Delhi,Delhi,2024-02-29
C00834,Customer_834,Consumer,Bengaluru,Karnataka,2022-04-28
C00835,Customer_835,Consumer,Kochi,Kerala,2023-09-07
C00836,Customer_836,Consumer,Chennai,Tamil Nadu,2021-05-18
C00837,Customer_837,Enterprise,Kochi,Kerala,2021-12-03
C00838,Customer_838,Consumer,Ahmedabad,Gujarat,2025-09-20
C00839,Customer_839,Consumer,Pune,Maharashtra,2020-11-10
C00840,Customer_840,Small Business,Bengaluru,Karnataka,2022-11-06
C00841,Customer_841,Consumer,Delhi,Delhi,2020-10-09
C00842,Customer_842,Small Business,Bengaluru,Karnataka,2020-09-14
C00843,Customer_843,Consumer,Bengaluru,Karnataka,2021-07-28
C00844,Customer_844,Enterprise,Chennai,Tamil Nadu,2021-07-27
C00845,Customer_845,Consumer,Kochi,Kerala,2022-11-08
C00846,Customer_846,Consumer,Jaipur,Rajasthan,2024-04-01
C00847,Customer_847,Consumer,Pune,Maharashtra,2021-02-26
C00848,Customer_848,Enterprise,Chennai,Tamil Nadu,2024-01-29
C00849,Customer_849,Consumer,Kolkata,West Bengal,2023-10-28
C00850,Customer_850,Consumer,Chennai,Tamil Nadu,2022-01-27
C00851,Customer_851,Consumer,Ahmedabad,Gujarat,2023-01-09
C00852,Customer_852,Small Business,Pune,Maharashtra,2024-04-23
C00853,Customer_853,Consumer,Hyderabad,Telangana,2021-03-04
C00854,Customer_854,Small Business,Kolkata,West Bengal,2025-07-14
C00855,Customer_855,Consumer,Mumbai,Maharashtra,2020-07-22
C00856,Customer_856,Consumer,Chennai,Tamil Nadu,2025-06-15
C00857,Customer_857,Consumer,Bengaluru,Karnataka,2020-11-02
C00858,Customer_858,Consumer,Jaipur,Rajasthan,2024-08-14
C00859,Customer_859,Consumer,Hyderabad,Telangana,2020-01-14
C00860,Customer_860,Consumer,Chennai,Tamil Nadu,2025-02-03
C00861,Customer_861,Small Business,Chennai,Tamil Nadu,2025-05-15
C00862,Customer_862,Consumer,Delhi,Delhi,2022-12-16
C00863,Customer_863,Consumer,Delhi,Delhi,2021-12-23
C00864,Customer_864,Consumer,Hyderabad,Telangana,2022-02-18
C00865,Customer_865,Consumer,Kochi,Kerala,2023-05-18
C00866,Customer_866,Consumer,Delhi,Delhi,2021-06-12
C00867,Customer_867,Consumer,Bengaluru,Karnataka,2022-03-08
C00868,Customer_868,Consumer,Kolkata,West Bengal,2020-12-09
C00869,Customer_869,Small Business,Mumbai,Maharashtra,2023-07-26
C00870,Customer_870,Enterprise,Pune,Maharashtra,2020-07-27
C00871,Customer_871,Consumer,Mumbai,Maharashtra,2021-10-02
C00872,Customer_872,Consumer,Mumbai,Maharashtra,2023-08-04
C00873,Customer_873,Small Business,Pune,Maharashtra,2025-05-01
C00874,Customer_874,Consumer,Delhi,Delhi,2022-07-08
C00875,Customer_875,Consumer,Hyderabad,Telangana,2024-09-19
C00876,Customer_876,Consumer,Pune,Maharashtra,2025-08-06
C00877,Customer_877,Small Business,Ahmedabad,Gujarat,2021-02-22
C00878,Customer_878,Small Business,Kochi,Kerala,2024-10-15
C00879,Customer_879,Consumer,Kolkata,West Bengal,2023-10-20
C00880,Customer_880,Consumer,Jaipur,Rajasthan,2023-01-04
C00881,Customer_881,Consumer,Delhi,Delhi,2025-11-26
C00882,Customer_882,Small Business,Kochi,Kerala,2024-03-25
C00883,Customer_883,Consumer,Pune,Maharashtra,2022-12-06
C00884,Customer_884,Consumer,Ahmedabad,Gujarat,2025-01-24
C00885,Customer_885,Small Business,Jaipur,Rajasthan,2023-01-24
C00886,Customer_886,Consumer,Kolkata,West Bengal,2022-08-15
C00887,Customer_887,Small Business,Kolkata,West Bengal,2020-04-12
C00888,Customer_888,Consumer,Delhi,Delhi,2023-03-15
C00889,Customer_889,Consumer,Pune,Maharashtra,2025-03-18
C00890,Customer_890,Consumer,Kochi,Kerala,2024-10-21
C00891,Customer_891,Small Business,Hyderabad,Telangana,2021-11-09
C00892,Customer_892,Small Business,Kochi,Kerala,2025-05-22
C00893,Customer_893,Small Business,Kochi,Kerala,2022-09-15
C00894,Customer_894,Consumer,Kolkata,West Bengal,2023-01-10
C00895,Customer_895,Small Business,Hyderabad,Telangana,2024-05-26
C00896,Customer_896,Consumer,Hyderabad,Telangana,2024-02-11
C00897,Customer_897,Consumer,Delhi,Delhi,2024-11-24
C00898,Customer_898,Small Business,Jaipur,Rajasthan,2023-03-31
C00899,Customer_899,Consumer,Chennai,Tamil Nadu,2022-07-20
C00900,Customer_900,Consumer,Mumbai,Maharashtra,2023-11-26
C00901,Customer_901,Consumer,Mumbai,Maharashtra,2022-11-27
C00902,Customer_902,Consumer,Kolkata,West Bengal,2025-06-01
C00903,Customer_903,Consumer,Chennai,Tamil Nadu,2025-08-04
C00904,Customer_904,Consumer,Jaipur,Rajasthan,2023-07-02
C00905,Customer_905,Consumer,Chennai,Tamil Nadu,2023-04-17
C00906,Customer_906,Small Business,Delhi,Delhi,2021-08-16
C00907,Customer_907,Small Business,Kochi,Kerala,2023-11-22
C00908,Customer_908,Consumer,Kolkata,West Bengal,2022-10-24
C00909,Customer_909,Consumer,Hyderabad,Telangana,2022-08-17
C00910,Customer_910,Consumer,Kolkata,West Bengal,2023-03-19
C00911,Customer_911,Consumer,Mumbai,Maharashtra,2022-03-26
C00912,Customer_912,Consumer,Jaipur,Rajasthan,2021-02-07
C00913,Customer_913,Small Business,Chennai,Tamil Nadu,2022-06-11
C00914,Customer_914,Consumer,Jaipur,Rajasthan,2020-03-08
C00915,Customer_915,Consumer,Delhi,Delhi,2020-03-28
C00916,Customer_916,Consumer,Kolkata,West Bengal,2025-08-10
C00917,Customer_917,Consumer,Pune,Maharashtra,2023-03-04
C00918,Customer_918,Enterprise,Kolkata,West Bengal,2024-09-16
C00919,Customer_919,Small Business,Hyderabad,Telangana,2023-10-06
C00920,Customer_920,Consumer,Kolkata,West Bengal,2025-12-27
C00921,Customer_921,Small Business,Ahmedabad,Gujarat,2025-12-20
C00922,Customer_922,Consumer,Delhi,Delhi,2024-07-01
C00923,Customer_923,Small Business,Bengaluru,Karnataka,2020-06-26
C00924,Customer_924,Small Business,Delhi,Delhi,2023-10-13
C00925,Customer_925,Consumer,Chennai,Tamil Nadu,2022-06-26
C00926,Customer_926,Consumer,Bengaluru,Karnataka,2021-08-08
C00927,Customer_927,Consumer,Chennai,Tamil Nadu,2022-09-16
C00928,Customer_928,Consumer,Chennai,Tamil Nadu,2023-02-05
C00929,Customer_929,Small Business,Hyderabad,Telangana,2025-12-09
C00930,Customer_930,Consumer,Hyderabad,Telangana,2025-08-26
C00931,Customer_931,Consumer,Kochi,Kerala,2023-05-04
C00932,Customer_932,Small Business,Mumbai,Maharashtra,2020-11-13
C00933,Customer_933,Enterprise,Kochi,Kerala,2024-02-11
C00934,Customer_934,Consumer,Kochi,Kerala,2025-07-27
C00935,Customer_935,Consumer,Mumbai,Maharashtra,2025-08-04
C00936,Customer_936,Consumer,Pune,Maharashtra,2021-05-17
C00937,Customer_937,Consumer,Bengaluru,Karnataka,2025-07-15
C00938,Customer_938,Enterprise,Jaipur,Rajasthan,2020-04-28
C00939,Customer_939,Consumer,Kochi,Kerala,2021-12-10
C00940,Customer_940,Consumer,Kolkata,West Bengal,2020-02-14
C00941,Customer_941,Consumer,Kolkata,West Bengal,2020-11-09
C00942,Customer_942,Consumer,Chennai,Tamil Nadu,2021-02-21
C00943,Customer_943,Small Business,Mumbai,Maharashtra,2023-01-06
C00944,Customer_944,Small Business,Chennai,Tamil Nadu,2020-11-21
C00945,Customer_945,Consumer,Ahmedabad,Gujarat,2023-12-10
C00946,Customer_946,Consumer,Ahmedabad,Gujarat,2025-06-09
C00947,Customer_947,Consumer,Jaipur,Rajasthan,2020-03-14
C00948,Customer_948,Enterprise,Hyderabad,Telangana,2024-05-21
C00949,Customer_949,Small Business,Hyderabad,Telangana,2021-05-23
C00950,Customer_950,Consumer,Mumbai,Maharashtra,2021-11-18
C00951,Customer_951,Small Business,Mumbai,Maharashtra,2021-10-18
C00952,Customer_952,Small Business,Kochi,Kerala,2024-03-22
C00953,Customer_953,Consumer,Ahmedabad,Gujarat,2023-07-16
C00954,Customer_954,Enterprise,Kochi,Kerala,2023-10-31
C00955,Customer_955,Consumer,Hyderabad,Telangana,2024-04-01
C00956,Customer_956,Consumer,,Karnataka,2022-12-11
C00957,Customer_957,Consumer,Bengaluru,Karnataka,2020-11-20
C00958,Customer_958,Consumer,Mumbai,Maharashtra,2022-09-18
C00959,Customer_959,Consumer,Chennai,Tamil Nadu,2025-06-16
C00960,Customer_960,Small Business,Hyderabad,Telangana,2021-12-17
C00961,Customer_961,Consumer,Bengaluru,Karnataka,2020-10-03
C00962,Customer_962,Small Business,Hyderabad,Telangana,2020-05-31
C00963,Customer_963,Consumer,Delhi,Delhi,2022-08-12
C00964,Customer_964,Consumer,Kolkata,West Bengal,2024-02-15
C00965,Customer_965,Consumer,Ahmedabad,Gujarat,2020-09-15
C00966,Customer_966,Consumer,Kochi,Kerala,2022-05-18
C00967,Customer_967,Small Business,Hyderabad,Telangana,2023-04-06
C00968,Customer_968,Consumer,Kolkata,West Bengal,2021-11-18
C00969,Customer_969,Consumer,Delhi,Delhi,2020-11-05
C00970,Customer_970,Consumer,Kochi,Kerala,2024-02-11
C00971,Customer_971,Small Business,Hyderabad,Telangana,2021-04-17
C00972,Customer_972,Enterprise,Mumbai,Maharashtra,2022-03-24
C00973,Customer_973,Small Business,Kolkata,West Bengal,2022-04-25
C00974,Customer_974,Consumer,Kochi,Kerala,2023-03-10
C00975,Customer_975,Consumer,Hyderabad,Telangana,2021-10-28
C00976,Customer_976,Consumer,Kolkata,West Bengal,2024-12-13
C00977,Customer_977,Consumer,Delhi,Delhi,2023-12-14
C00978,Customer_978,Consumer,Hyderabad,Telangana,2024-11-02
C00979,Customer_979,Consumer,Hyderabad,Telangana,2023-06-18
C00980,Customer_980,Consumer,Hyderabad,Telangana,2020-12-20
C00981,Customer_981,Consumer,Jaipur,Rajasthan,2025-02-15
C00982,Customer_982,Small Business,Mumbai,Maharashtra,2025-07-17
C00983,Customer_983,Consumer,Delhi,Delhi,2020-06-28
C00984,Customer_984,Consumer,Kochi,Kerala,2020-03-06
C00985,Customer_985,Small Business,Jaipur,Rajasthan,2022-03-30
C00986,Customer_986,Consumer,Chennai,Tamil Nadu,2023-10-03
C00987,Customer_987,Small Business,Jaipur,Rajasthan,2020-06-19
C00988,Customer_988,Consumer,Ahmedabad,Gujarat,2023-10-22
C00989,Customer_989,Consumer,Ahmedabad,Gujarat,2023-02-04
C00990,Customer_990,Small Business,Hyderabad,Telangana,2022-04-14
C00991,Customer_991,Small Business,Jaipur,Rajasthan,2020-08-14
C00992,Customer_992,Small Business,Chennai,Tamil Nadu,2021-03-17
C00993,Customer_993,Consumer,Jaipur,Rajasthan,2021-12-28
C00994,Customer_994,Consumer,Mumbai,Maharashtra,2024-05-23
C00995,Customer_995,Consumer,Mumbai,Maharashtra,2025-11-01
C00996,Customer_996,Consumer,Chennai,Tamil Nadu,2022-11-02
C00997,Customer_997,Enterprise,Jaipur,Rajasthan,2025-01-06
C00998,Customer_998,Consumer,Kolkata,West Bengal,2025-01-22
C00999,Customer_999,Enterprise,Mumbai,Maharashtra,2021-05-07
C01000,Customer_1000,Consumer,Mumbai,Maharashtra,2024-03-28
C01001,Customer_1001,Consumer,Bengaluru,Karnataka,2023-02-17
C01002,Customer_1002,Consumer,Jaipur,Rajasthan,2022-08-27
C01003,Customer_1003,Small Business,Mumbai,Maharashtra,2025-09-18
C01004,Customer_1004,Small Business,Delhi,Delhi,2021-10-01
C01005,Customer_1005,Small Business,Jaipur,Rajasthan,2020-06-21
C01006,Customer_1006,Small Business,Ahmedabad,Gujarat,2024-04-19
C01007,Customer_1007,Small Business,Bengaluru,Karnataka,2020-09-15
C01008,Customer_1008,Small Business,Mumbai,Maharashtra,2021-05-31
C01009,Customer_1009,Consumer,Bengaluru,Karnataka,2021-06-06
C01010,Customer_1010,Consumer,Ahmedabad,Gujarat,2025-04-01
C01011,Customer_1011,Consumer,Chennai,Tamil Nadu,2025-12-04
C01012,Customer_1012,Enterprise,Chennai,Tamil Nadu,2025-04-13
C01013,Customer_1013,Enterprise,Jaipur,Rajasthan,2023-02-13
C01014,Customer_1014,Consumer,Ahmedabad,Gujarat,2022-04-18
C01015,Customer_1015,Small Business,Pune,Maharashtra,2022-12-25
C01016,Customer_1016,Enterprise,Pune,Maharashtra,2022-12-29
C01017,Customer_1017,Consumer,Jaipur,Rajasthan,2025-05-23
C01018,Customer_1018,Consumer,Hyderabad,Telangana,2024-04-23
C01019,Customer_1019,Enterprise,Bengaluru,Karnataka,2024-04-29
C01020,Customer_1020,Consumer,Bengaluru,Karnataka,2023-01-19
C01021,Customer_1021,Small Business,Chennai,Tamil Nadu,2022-01-19
C01022,Customer_1022,Consumer,Pune,Maharashtra,2022-12-29
C01023,Customer_1023,Enterprise,Kochi,Kerala,2023-04-04
C01024,Customer_1024,Enterprise,Mumbai,Maharashtra,2025-02-18
C01025,Customer_1025,Enterprise,Mumbai,Maharashtra,2024-11-22
C01026,Customer_1026,Consumer,Mumbai,Maharashtra,2024-05-26
C01027,Customer_1027,Small Business,Chennai,Tamil Nadu,2020-02-18
C01028,Customer_1028,Small Business,Ahmedabad,Gujarat,2022-12-11
C01029,Customer_1029,Consumer,Kolkata,West Bengal,2023-08-05
C01030,Customer_1030,Small Business,Pune,Maharashtra,2024-07-07
C01031,Customer_1031,Consumer,Pune,Maharashtra,2025-12-20
C01032,Customer_1032,Consumer,Kochi,Kerala,2023-04-04
C01033,Customer_1033,Consumer,Bengaluru,Karnataka,2023-10-29
C01034,Customer_1034,Consumer,Hyderabad,Telangana,2025-01-02
C01035,Customer_1035,Consumer,Jaipur,Rajasthan,2021-04-23
C01036,Customer_1036,Small Business,Bengaluru,Karnataka,2022-04-11
C01037,Customer_1037,Consumer,Ahmedabad,Gujarat,2024-06-02
C01038,Customer_1038,Small Business,Jaipur,Rajasthan,2021-11-12
C01039,Customer_1039,Consumer,Pune,Maharashtra,2023-08-16
C01040,Customer_1040,Consumer,Ahmedabad,Gujarat,2020-03-22
C01041,Customer_1041,Consumer,Jaipur,Rajasthan,2020-03-27
C01042,Customer_1042,Small Business,Kochi,Kerala,2025-08-25
C01043,Customer_1043,Consumer,Kochi,Kerala,2022-04-01
C01044,Customer_1044,Small Business,Delhi,Delhi,2020-06-11
C01045,Customer_1045,Small Business,Kolkata,West Bengal,2025-04-16
C01046,Customer_1046,Small Business,Kochi,Kerala,2025-01-24
C01047,Customer_1047,Consumer,Pune,Maharashtra,2025-02-03
C01048,Customer_1048,Consumer,Hyderabad,Telangana,2023-01-20
C01049,Customer_1049,Small Business,Mumbai,Maharashtra,2025-02-25
C01050,Customer_1050,Consumer,Delhi,Delhi,2022-07-11
C01051,Customer_1051,Small Business,Mumbai,Maharashtra,2025-12-15
C01052,Customer_1052,Consumer,,West Bengal,2023-12-20
C01053,Customer_1053,Enterprise,Jaipur,Rajasthan,2024-05-01
C01054,Customer_1054,Small Business,Chennai,Tamil Nadu,2021-07-18
C01055,Customer_1055,Enterprise,Kochi,Kerala,2021-04-15
C01056,Customer_1056,Consumer,Hyderabad,Telangana,2022-09-14
C01057,Customer_1057,Small Business,Kolkata,West Bengal,2025-04-18
C01058,Customer_1058,Consumer,Mumbai,Maharashtra,2020-08-11
C01059,Customer_1059,Consumer,Delhi,Delhi,2020-12-16
C01060,Customer_1060,Small Business,Kochi,Kerala,2025-04-12
C01061,Customer_1061,Small Business,Pune,Maharashtra,2020-12-14
C01062,Customer_1062,Enterprise,Kochi,Kerala,2020-06-30
C01063,Customer_1063,Small Business,Delhi,Delhi,2021-09-28
C01064,Customer_1064,Consumer,Delhi,Delhi,2022-10-14
C01065,Customer_1065,Consumer,Chennai,Tamil Nadu,2022-02-10
C01066,Customer_1066,Small Business,Kochi,Kerala,2022-10-12
C01067,Customer_1067,Consumer,Kochi,Kerala,2025-10-12
C01068,Customer_1068,Consumer,Chennai,Tamil Nadu,2020-01-29
C01069,Customer_1069,Consumer,Ahmedabad,Gujarat,2025-11-14
C01070,Customer_1070,Consumer,Ahmedabad,Gujarat,2025-03-08
C01071,Customer_1071,Consumer,Jaipur,Rajasthan,2024-01-05
C01072,Customer_1072,Consumer,Ahmedabad,Gujarat,2023-05-11
C01073,Customer_1073,Consumer,Bengaluru,Karnataka,2025-08-30
C01074,Customer_1074,Consumer,Kochi,Kerala,2023-01-30
C01075,Customer_1075,Enterprise,Hyderabad,Telangana,2020-03-06
C01076,Customer_1076,Consumer,Kochi,Kerala,2023-02-08
C01077,Customer_1077,Consumer,Bengaluru,Karnataka,2020-12-03
C01078,Customer_1078,Small Business,Bengaluru,Karnataka,2025-12-10
C01079,Customer_1079,Consumer,Mumbai,Maharashtra,2024-09-24
C01080,Customer_1080,Enterprise,Kochi,Kerala,2021-03-22
C01081,Customer_1081,Small Business,Kolkata,West Bengal,2020-10-07
C01082,Customer_1082,Consumer,Bengaluru,Karnataka,2021-08-18
C01083,Customer_1083,Consumer,Hyderabad,Telangana,2025-06-09
C01084,Customer_1084,Small Business,Chennai,Tamil Nadu,2022-12-10
C01085,Customer_1085,Enterprise,Jaipur,Rajasthan,2020-07-28
C01086,Customer_1086,Consumer,Mumbai,Maharashtra,2020-05-05
C01087,Customer_1087,Small Business,,Tamil Nadu,2021-05-06
C01088,Customer_1088,Consumer,Mumbai,Maharashtra,2022-08-27
C01089,Customer_1089,Enterprise,Hyderabad,Telangana,2021-08-03
C01090,Customer_1090,Consumer,Delhi,Delhi,2023-04-26
C01091,Customer_1091,Enterprise,Kochi,Kerala,2020-08-17
C01092,Customer_1092,Small Business,Pune,Maharashtra,2020-07-07
C01093,Customer_1093,Small Business,Kolkata,West Bengal,2025-08-19
C01094,Customer_1094,Consumer,Chennai,Tamil Nadu,2021-05-16
C01095,Customer_1095,Consumer,Kochi,Kerala,2025-11-02
C01096,Customer_1096,Consumer,Kolkata,West Bengal,2020-02-18
C01097,Customer_1097,Consumer,Delhi,Delhi,2021-11-19
C01098,Customer_1098,Consumer,Pune,Maharashtra,2021-01-21
C01099,Customer_1099,Small Business,Kolkata,West Bengal,2022-08-27
C01100,Customer_1100,Consumer,Kolkata,West Bengal,2022-10-02
C01101,Customer_1101,Consumer,Chennai,Tamil Nadu,2024-09-20
C01102,Customer_1102,Enterprise,Ahmedabad,Gujarat,2025-06-27
C01103,Customer_1103,Small Business,Pune,Maharashtra,2024-05-26
C01104,Customer_1104,Enterprise,Kochi,Kerala,2024-11-24
C01105,Customer_1105,Enterprise,Delhi,Delhi,2020-09-27
C01106,Customer_1106,Consumer,Pune,Maharashtra,2020-05-02
C01107,Customer_1107,Consumer,Hyderabad,Telangana,2023-07-04
C01108,Customer_1108,Small Business,Ahmedabad,Gujarat,2023-12-15
C01109,Customer_1109,Small Business,Hyderabad,Telangana,2020-09-15
C01110,Customer_1110,Consumer,Delhi,Delhi,2022-08-05
C01111,Customer_1111,Small Business,,Tamil Nadu,2025-09-25
C01112,Customer_1112,Consumer,Chennai,Tamil Nadu,2022-05-12
C01113,Customer_1113,Consumer,Delhi,Delhi,2021-06-08
C01114,Customer_1114,Consumer,Mumbai,Maharashtra,2022-06-06
C01115,Customer_1115,Consumer,Delhi,Delhi,2020-07-26
C01116,Customer_1116,Consumer,Ahmedabad,Gujarat,2020-05-28
C01117,Customer_1117,Consumer,Bengaluru,Karnataka,2021-03-13
C01118,Customer_1118,Small Business,Chennai,Tamil Nadu,2024-09-17
C01119,Customer_1119,Consumer,Jaipur,Rajasthan,2020-12-23
C01120,Customer_1120,Consumer,Ahmedabad,Gujarat,2023-05-25
C01121,Customer_1121,Small Business,Ahmedabad,Gujarat,2025-04-14
C01122,Customer_1122,Enterprise,Ahmedabad,Gujarat,2021-03-31
C01123,Customer_1123,Small Business,Kolkata,West Bengal,2024-06-20
C01124,Customer_1124,Small Business,Ahmedabad,Gujarat,2021-09-20
C01125,Customer_1125,Small Business,Chennai,Tamil Nadu,2021-04-30
C01126,Customer_1126,Consumer,Bengaluru,Karnataka,2020-07-18
C01127,Customer_1127,Consumer,Bengaluru,Karnataka,2021-01-05
C01128,Customer_1128,Consumer,Ahmedabad,Gujarat,2022-10-10
C01129,Customer_1129,Consumer,Hyderabad,Telangana,2025-06-05
C01130,Customer_1130,Consumer,Chennai,Tamil Nadu,2024-01-11
C01131,Customer_1131,Small Business,Chennai,Tamil Nadu,2020-09-04
C01132,Customer_1132,Consumer,Pune,Maharashtra,2022-02-26
C01133,Customer_1133,Consumer,Kochi,Kerala,2025-09-09
C01134,Customer_1134,Consumer,Mumbai,Maharashtra,2024-03-01
C01135,Customer_1135,Small Business,Mumbai,Maharashtra,2023-06-26
C01136,Customer_1136,Consumer,Hyderabad,Telangana,2021-08-27
C01137,Customer_1137,Small Business,Mumbai,Maharashtra,2024-08-16
C01138,Customer_1138,Consumer,Pune,Maharashtra,2023-11-18
C01139,Customer_1139,Consumer,Delhi,Delhi,2024-12-25
C01140,Customer_1140,Consumer,Mumbai,Maharashtra,2021-05-16
C01141,Customer_1141,Small Business,Chennai,Tamil Nadu,2021-07-02
C01142,Customer_1142,Consumer,Delhi,Delhi,2023-09-27
C01143,Customer_1143,Small Business,Mumbai,Maharashtra,2022-04-18
C01144,Customer_1144,Consumer,Chennai,Tamil Nadu,2023-12-01
C01145,Customer_1145,Consumer,Chennai,Tamil Nadu,2023-12-19
C01146,Customer_1146,Small Business,Ahmedabad,Gujarat,2022-04-27
C01147,Customer_1147,Small Business,Bengaluru,Karnataka,2021-09-05
C01148,Customer_1148,Small Business,Hyderabad,Telangana,2021-02-15
C01149,Customer_1149,Small Business,Pune,Maharashtra,2021-11-08
C01150,Customer_1150,Small Business,Kolkata,West Bengal,2020-06-07
C01151,Customer_1151,Small Business,Kochi,Kerala,2025-08-23
C01152,Customer_1152,Small Business,Mumbai,Maharashtra,2021-01-07
C01153,Customer_1153,Small Business,Mumbai,Maharashtra,2023-01-01
C01154,Customer_1154,Small Business,Delhi,Delhi,2021-08-25
C01155,Customer_1155,Small Business,Delhi,Delhi,2020-08-03
C01156,Customer_1156,Small Business,Kochi,Kerala,2025-06-19
C01157,Customer_1157,Consumer,Mumbai,Maharashtra,2024-04-13
C01158,Customer_1158,Small Business,Jaipur,Rajasthan,2025-01-14
C01159,Customer_1159,Small Business,Pune,Maharashtra,2025-05-16
C01160,Customer_1160,Consumer,Mumbai,Maharashtra,2021-12-27
C01161,Customer_1161,Small Business,Bengaluru,Karnataka,2023-05-29
C01162,Customer_1162,Consumer,Kochi,Kerala,2022-12-01
C01163,Customer_1163,Consumer,Jaipur,Rajasthan,2021-11-06
C01164,Customer_1164,Small Business,Pune,Maharashtra,2020-10-09
C01165,Customer_1165,Consumer,Mumbai,Maharashtra,2022-12-17
C01166,Customer_1166,Small Business,Kolkata,West Bengal,2025-03-23
C01167,Customer_1167,Small Business,Ahmedabad,Gujarat,2023-02-26
C01168,Customer_1168,Consumer,Bengaluru,Karnataka,2022-08-05
C01169,Customer_1169,Consumer,Kolkata,West Bengal,2021-10-26
C01170,Customer_1170,Consumer,Delhi,Delhi,2024-09-13
C01171,Customer_1171,Small Business,Delhi,Delhi,2023-02-22
C01172,Customer_1172,Enterprise,Mumbai,Maharashtra,2020-03-07
C01173,Customer_1173,Small Business,Delhi,Delhi,2025-08-15
C01174,Customer_1174,Consumer,Bengaluru,Karnataka,2021-09-28
C01175,Customer_1175,Small Business,Pune,Maharashtra,2020-11-09
C01176,Customer_1176,Consumer,Chennai,Tamil Nadu,2021-07-18
C01177,Customer_1177,Small Business,,Telangana,2024-05-20
C01178,Customer_1178,Consumer,Kochi,Kerala,2022-04-05
C01179,Customer_1179,Small Business,Pune,Maharashtra,2023-01-10
C01180,Customer_1180,Consumer,Chennai,Tamil Nadu,2022-10-22
C01181,Customer_1181,Enterprise,Jaipur,Rajasthan,2021-10-23
C01182,Customer_1182,Consumer,Bengaluru,Karnataka,2022-03-15
C01183,Customer_1183,Small Business,Kolkata,West Bengal,2021-06-19
C01184,Customer_1184,Enterprise,Chennai,Tamil Nadu,2023-10-23
C01185,Customer_1185,Consumer,Bengaluru,Karnataka,2023-05-20
C01186,Customer_1186,Enterprise,Ahmedabad,Gujarat,2025-04-04
C01187,Customer_1187,Small Business,Kolkata,West Bengal,2025-12-04
C01188,Customer_1188,Consumer,Delhi,Delhi,2021-09-19
C01189,Customer_1189,Consumer,Delhi,Delhi,2022-01-18
C01190,Customer_1190,Small Business,Kolkata,West Bengal,2020-04-14
C01191,Customer_1191,Consumer,Jaipur,Rajasthan,2020-02-15
C01192,Customer_1192,Consumer,Jaipur,Rajasthan,2023-09-16
C01193,Customer_1193,Consumer,Jaipur,Rajasthan,2023-05-24
C01194,Customer_1194,Small Business,Chennai,Tamil Nadu,2022-09-08
C01195,Customer_1195,Consumer,Kochi,Kerala,2022-08-17
C01196,Customer_1196,Small Business,Chennai,Tamil Nadu,2024-02-24
C01197,Customer_1197,Enterprise,Mumbai,Maharashtra,2025-01-10
C01198,Customer_1198,Enterprise,Hyderabad,Telangana,2024-01-21
C01199,Customer_1199,Small Business,Kolkata,West Bengal,2024-04-08
C01200,Customer_1200,Consumer,Pune,Maharashtra,2024-02-16
C01201,Customer_1201,Small Business,Hyderabad,Telangana,2025-08-25
C01202,Customer_1202,Consumer,Ahmedabad,Gujarat,2025-06-23
C01203,Customer_1203,Consumer,Chennai,Tamil Nadu,2025-05-27
C01204,Customer_1204,Consumer,Chennai,Tamil Nadu,2022-06-30
C01205,Customer_1205,Consumer,Bengaluru,Karnataka,2023-07-18
C01206,Customer_1206,Small Business,Hyderabad,Telangana,2024-12-07
C01207,Customer_1207,Small Business,Bengaluru,Karnataka,2024-10-19
C01208,Customer_1208,Consumer,Pune,Maharashtra,2020-04-24
C01209,Customer_1209,Consumer,Bengaluru,Karnataka,2024-05-22
C01210,Customer_1210,Enterprise,Hyderabad,Telangana,2023-08-15
C01211,Customer_1211,Consumer,Kolkata,West Bengal,2025-02-03
C01212,Customer_1212,Consumer,Ahmedabad,Gujarat,2023-01-03
C01213,Customer_1213,Consumer,Chennai,Tamil Nadu,2022-09-04
C01214,Customer_1214,Small Business,Pune,Maharashtra,2024-02-14
C01215,Customer_1215,Small Business,Chennai,Tamil Nadu,2023-01-31
C01216,Customer_1216,Consumer,Mumbai,Maharashtra,2020-10-23
C01217,Customer_1217,Consumer,Ahmedabad,Gujarat,2022-11-28
C01218,Customer_1218,Small Business,Kochi,Kerala,2020-09-15
C01219,Customer_1219,Small Business,Bengaluru,Karnataka,2025-08-16
C01220,Customer_1220,Consumer,Delhi,Delhi,2025-09-27
C01221,Customer_1221,Enterprise,Hyderabad,Telangana,2025-03-07
C01222,Customer_1222,Consumer,Chennai,Tamil Nadu,2020-06-24
C01223,Customer_1223,Consumer,Bengaluru,Karnataka,2022-09-27
C01224,Customer_1224,Enterprise,Pune,Maharashtra,2025-04-02
C01225,Customer_1225,Consumer,Chennai,Tamil Nadu,2024-07-25
C01226,Customer_1226,Small Business,Kochi,Kerala,2020-10-02
C01227,Customer_1227,Consumer,Ahmedabad,Gujarat,2021-11-06
C01228,Customer_1228,Consumer,,Gujarat,2024-12-28
C01229,Customer_1229,Enterprise,Chennai,Tamil Nadu,2022-11-17
C01230,Customer_1230,Consumer,,Maharashtra,2023-09-18
C01231,Customer_1231,Small Business,Ahmedabad,Gujarat,2025-10-04
C01232,Customer_1232,Consumer,Ahmedabad,Gujarat,2021-06-30
C01233,Customer_1233,Consumer,Kochi,Kerala,2023-02-09
C01234,Customer_1234,Consumer,Hyderabad,Telangana,2025-09-14
C01235,Customer_1235,Small Business,Pune,Maharashtra,2025-08-02
C01236,Customer_1236,Consumer,Pune,Maharashtra,2021-03-14
C01237,Customer_1237,Small Business,Kolkata,West Bengal,2024-10-18
C01238,Customer_1238,Consumer,Kolkata,West Bengal,2024-06-03
C01239,Customer_1239,Enterprise,Ahmedabad,Gujarat,2025-01-23
C01240,Customer_1240,Consumer,Delhi,Delhi,2024-05-19
C01241,Customer_1241,Small Business,Kolkata,West Bengal,2024-07-21
C01242,Customer_1242,Small Business,Ahmedabad,Gujarat,2020-11-02
C01243,Customer_1243,Small Business,Jaipur,Rajasthan,2021-09-10
C01244,Customer_1244,Small Business,Mumbai,Maharashtra,2023-02-06
C01245,Customer_1245,Small Business,Mumbai,Maharashtra,2023-10-27
C01246,Customer_1246,Small Business,Pune,Maharashtra,2023-10-11
C01247,Customer_1247,Consumer,Delhi,Delhi,2024-08-26
C01248,Customer_1248,Consumer,Kochi,Kerala,2025-10-16
C01249,Customer_1249,Enterprise,Hyderabad,Telangana,2020-06-29
C01250,Customer_1250,Small Business,Kolkata,West Bengal,2024-01-27
C01251,Customer_1251,Small Business,Jaipur,Rajasthan,2022-07-02
C01252,Customer_1252,Consumer,Ahmedabad,Gujarat,2024-04-06
C01253,Customer_1253,Consumer,Delhi,Delhi,2025-10-14
C01254,Customer_1254,Consumer,Pune,Maharashtra,2022-11-10
C01255,Customer_1255,Small Business,Kolkata,West Bengal,2024-06-23
C01256,Customer_1256,Consumer,Delhi,Delhi,2024-06-26
C01257,Customer_1257,Consumer,Kolkata,West Bengal,2024-05-01
C01258,Customer_1258,Consumer,Hyderabad,Telangana,2025-09-17
C01259,Customer_1259,Consumer,Hyderabad,Telangana,2023-08-01
C01260,Customer_1260,Consumer,Kochi,Kerala,2022-04-01
C01261,Customer_1261,Consumer,Mumbai,Maharashtra,2021-08-24
C01262,Customer_1262,Small Business,Bengaluru,Karnataka,2024-06-08
C01263,Customer_1263,Consumer,Bengaluru,Karnataka,2022-02-23
C01264,Customer_1264,Consumer,Kolkata,West Bengal,2023-04-26
C01265,Customer_1265,Consumer,Kochi,Kerala,2021-11-01
C01266,Customer_1266,Consumer,Bengaluru,Karnataka,2023-06-20
C01267,Customer_1267,Consumer,Pune,Maharashtra,2023-01-01
C01268,Customer_1268,Consumer,Bengaluru,Karnataka,2025-06-20
C01269,Customer_1269,Small Business,Chennai,Tamil Nadu,2020-04-10
C01270,Customer_1270,Consumer,Ahmedabad,Gujarat,2024-11-14
C01271,Customer_1271,Small Business,Kochi,Kerala,2020-06-24
C01272,Customer_1272,Small Business,Pune,Maharashtra,2020-08-25
C01273,Customer_1273,Small Business,Delhi,Delhi,2023-01-27
C01274,Customer_1274,Consumer,Pune,Maharashtra,2025-05-31
C01275,Customer_1275,Consumer,Mumbai,Maharashtra,2025-06-26
C01276,Customer_1276,Consumer,Delhi,Delhi,2024-03-17
C01277,Customer_1277,Consumer,Jaipur,Rajasthan,2022-01-24
C01278,Customer_1278,Enterprise,Ahmedabad,Gujarat,2023-02-20
C01279,Customer_1279,Consumer,Ahmedabad,Gujarat,2023-11-12
C01280,Customer_1280,Consumer,Ahmedabad,Gujarat,2020-05-19
C01281,Customer_1281,Small Business,Ahmedabad,Gujarat,2021-06-24
C01282,Customer_1282,Small Business,Kolkata,West Bengal,2023-11-15
C01283,Customer_1283,Consumer,Ahmedabad,Gujarat,2020-09-26
C01284,Customer_1284,Consumer,Ahmedabad,Gujarat,2022-11-01
C01285,Customer_1285,Consumer,Ahmedabad,Gujarat,2025-03-05
C01286,Customer_1286,Consumer,Kochi,Kerala,2021-05-20
C01287,Customer_1287,Consumer,Kolkata,West Bengal,2023-02-03
C01288,Customer_1288,Consumer,Hyderabad,Telangana,2025-09-10
C01289,Customer_1289,Consumer,Pune,Maharashtra,2025-02-15
C01290,Customer_1290,Consumer,Pune,Maharashtra,2022-12-28
C01291,Customer_1291,Consumer,Delhi,Delhi,2022-03-23
C01292,Customer_1292,Consumer,Kochi,Kerala,2020-12-27
C01293,Customer_1293,Consumer,Chennai,Tamil Nadu,2023-12-27
C01294,Customer_1294,Small Business,Pune,Maharashtra,2022-07-17
C01295,Customer_1295,Small Business,Bengaluru,Karnataka,2020-04-09
C01296,Customer_1296,Consumer,Chennai,Tamil Nadu,2024-08-08
C01297,Customer_1297,Consumer,Ahmedabad,Gujarat,2025-08-18
C01298,Customer_1298,Consumer,Ahmedabad,Gujarat,2022-11-18
C01299,Customer_1299,Small Business,Kolkata,West Bengal,2022-07-09
C01300,Customer_1300,Small Business,Chennai,Tamil Nadu,2021-09-23
C01301,Customer_1301,Consumer,Bengaluru,Karnataka,2021-11-12
C01302,Customer_1302,Enterprise,Kolkata,West Bengal,2025-10-30
C01303,Customer_1303,Consumer,Delhi,Delhi,2022-01-23
C01304,Customer_1304,Consumer,Chennai,Tamil Nadu,2024-01-04
C01305,Customer_1305,Small Business,Kochi,Kerala,2021-12-20
C01306,Customer_1306,Small Business,Ahmedabad,Gujarat,2020-03-15
C01307,Customer_1307,Small Business,Ahmedabad,Gujarat,2023-07-17
C01308,Customer_1308,Small Business,Mumbai,Maharashtra,2025-04-06
C01309,Customer_1309,Consumer,Kolkata,West Bengal,2020-03-02
C01310,Customer_1310,Small Business,Hyderabad,Telangana,2022-05-23
C01311,Customer_1311,Consumer,Hyderabad,Telangana,2020-11-15
C01312,Customer_1312,Small Business,Kolkata,West Bengal,2025-11-19
C01313,Customer_1313,Consumer,Kochi,Kerala,2023-12-23
C01314,Customer_1314,Small Business,Jaipur,Rajasthan,2022-05-23
C01315,Customer_1315,Consumer,Kolkata,West Bengal,2024-10-11
C01316,Customer_1316,Small Business,Kochi,Kerala,2024-04-04
C01317,Customer_1317,Consumer,Delhi,Delhi,2020-04-21
C01318,Customer_1318,Small Business,Ahmedabad,Gujarat,2021-04-05
C01319,Customer_1319,Consumer,Bengaluru,Karnataka,2022-06-05
C01320,Customer_1320,Consumer,Jaipur,Rajasthan,2023-01-20
C01321,Customer_1321,Consumer,Chennai,Tamil Nadu,2022-12-11
C01322,Customer_1322,Consumer,Jaipur,Rajasthan,2021-06-03
C01323,Customer_1323,Small Business,Bengaluru,Karnataka,2022-03-22
C01324,Customer_1324,Consumer,Mumbai,Maharashtra,2025-04-08
C01325,Customer_1325,Enterprise,Ahmedabad,Gujarat,2024-05-23
C01326,Customer_1326,Consumer,Hyderabad,Telangana,2022-07-15
C01327,Customer_1327,Consumer,Kochi,Kerala,2021-07-10
C01328,Customer_1328,Small Business,Kolkata,West Bengal,2022-11-21
C01329,Customer_1329,Small Business,Kolkata,West Bengal,2021-08-01
C01330,Customer_1330,Consumer,Hyderabad,Telangana,2021-06-25
C01331,Customer_1331,Consumer,Jaipur,Rajasthan,2025-12-01
C01332,Customer_1332,Small Business,Ahmedabad,Gujarat,2022-11-18
C01333,Customer_1333,Consumer,Pune,Maharashtra,2021-04-18
C01334,Customer_1334,Enterprise,Kochi,Kerala,2022-06-23
C01335,Customer_1335,Enterprise,Delhi,Delhi,2025-04-29
C01336,Customer_1336,Small Business,Bengaluru,Karnataka,2021-01-20
C01337,Customer_1337,Consumer,Jaipur,Rajasthan,2020-03-02
C01338,Customer_1338,Small Business,Chennai,Tamil Nadu,2021-05-29
C01339,Customer_1339,Consumer,Mumbai,Maharashtra,2021-03-05
C01340,Customer_1340,Consumer,Kolkata,West Bengal,2021-08-02
C01341,Customer_1341,Consumer,Jaipur,Rajasthan,2024-04-09
C01342,Customer_1342,Consumer,Mumbai,Maharashtra,2023-03-10
C01343,Customer_1343,Small Business,Bengaluru,Karnataka,2023-08-16
C01344,Customer_1344,Small Business,Kolkata,West Bengal,2021-04-15
C01345,Customer_1345,Small Business,Kolkata,West Bengal,2023-11-17
C01346,Customer_1346,Consumer,Pune,Maharashtra,2024-07-23
C01347,Customer_1347,Consumer,Jaipur,Rajasthan,2024-01-08
C01348,Customer_1348,Consumer,Ahmedabad,Gujarat,2022-03-19
C01349,Customer_1349,Enterprise,Hyderabad,Telangana,2020-06-20
C01350,Customer_1350,Consumer,Hyderabad,Telangana,2020-01-31
C01351,Customer_1351,Small Business,Delhi,Delhi,2020-02-16
C01352,Customer_1352,Consumer,Chennai,Tamil Nadu,2020-05-09
C01353,Customer_1353,Consumer,Mumbai,Maharashtra,2022-09-04
C01354,Customer_1354,Small Business,Jaipur,Rajasthan,2024-07-03
C01355,Customer_1355,Consumer,Kochi,Kerala,2024-05-23
C01356,Customer_1356,Small Business,Chennai,Tamil Nadu,2020-02-27
C01357,Customer_1357,Enterprise,Pune,Maharashtra,2023-02-03
C01358,Customer_1358,Consumer,Kolkata,West Bengal,2023-09-15
C01359,Customer_1359,Consumer,Ahmedabad,Gujarat,2022-02-06
C01360,Customer_1360,Consumer,Jaipur,Rajasthan,2021-11-13
C01361,Customer_1361,Enterprise,Chennai,Tamil Nadu,2025-07-01
C01362,Customer_1362,Consumer,Chennai,Tamil Nadu,2024-11-25
C01363,Customer_1363,Small Business,Ahmedabad,Gujarat,2024-01-17
C01364,Customer_1364,Small Business,Delhi,Delhi,2022-06-04
C01365,Customer_1365,Small Business,Mumbai,Maharashtra,2021-01-31
C01366,Customer_1366,Consumer,Mumbai,Maharashtra,2024-03-18
C01367,Customer_1367,Small Business,Chennai,Tamil Nadu,2025-09-04
C01368,Customer_1368,Enterprise,Bengaluru,Karnataka,2020-11-08
C01369,Customer_1369,Consumer,Chennai,Tamil Nadu,2025-12-13
C01370,Customer_1370,Consumer,Chennai,Tamil Nadu,2024-05-07
C01371,Customer_1371,Enterprise,Ahmedabad,Gujarat,2023-05-06
C01372,Customer_1372,Consumer,Kolkata,West Bengal,2022-03-21
C01373,Customer_1373,Small Business,Ahmedabad,Gujarat,2025-07-25
C01374,Customer_1374,Consumer,Jaipur,Rajasthan,2024-02-16
C01375,Customer_1375,Consumer,,Tamil Nadu,2021-03-25
C01376,Customer_1376,Small Business,Mumbai,Maharashtra,2025-03-09
C01377,Customer_1377,Consumer,Kochi,Kerala,2023-10-09
C01378,Customer_1378,Consumer,Mumbai,Maharashtra,2021-08-19
C01379,Customer_1379,Consumer,Hyderabad,Telangana,2025-11-17
C01380,Customer_1380,Consumer,Delhi,Delhi,2021-09-07
C01381,Customer_1381,Consumer,Pune,Maharashtra,2022-08-05
C01382,Customer_1382,Consumer,Jaipur,Rajasthan,2024-04-30
C01383,Customer_1383,Enterprise,Jaipur,Rajasthan,2021-07-09
C01384,Customer_1384,Consumer,Delhi,Delhi,2020-10-04
C01385,Customer_1385,Small Business,Kochi,Kerala,2025-07-06
C01386,Customer_1386,Consumer,Pune,Maharashtra,2021-05-05
C01387,Customer_1387,Small Business,Kolkata,West Bengal,2020-09-11
C01388,Customer_1388,Consumer,Chennai,Tamil Nadu,2022-06-10
C01389,Customer_1389,Enterprise,Pune,Maharashtra,2021-06-25
C01390,Customer_1390,Consumer,Kochi,Kerala,2023-07-11
C01391,Customer_1391,Consumer,Bengaluru,Karnataka,2024-06-21
C01392,Customer_1392,Consumer,Hyderabad,Telangana,2022-04-04
C01393,Customer_1393,Consumer,Pune,Maharashtra,2023-09-14
C01394,Customer_1394,Consumer,Pune,Maharashtra,2020-10-07
C01395,Customer_1395,Consumer,Hyderabad,Telangana,2023-07-22
C01396,Customer_1396,Small Business,Chennai,Tamil Nadu,2022-02-11
C01397,Customer_1397,Consumer,Pune,Maharashtra,2020-11-23
C01398,Customer_1398,Consumer,Hyderabad,Telangana,2022-07-11
C01399,Customer_1399,Small Business,Hyderabad,Telangana,2021-07-05
C01400,Customer_1400,Small Business,Hyderabad,Telangana,2025-09-04
C01401,Customer_1401,Consumer,Ahmedabad,Gujarat,2025-09-05
C01402,Customer_1402,Consumer,Kochi,Kerala,2021-12-02
C01403,Customer_1403,Consumer,Ahmedabad,Gujarat,2025-04-03
C01404,Customer_1404,Small Business,Bengaluru,Karnataka,2020-06-15
C01405,Customer_1405,Small Business,Kolkata,West Bengal,2020-06-17
C01406,Customer_1406,Consumer,Ahmedabad,Gujarat,2020-08-16
C01407,Customer_1407,Small Business,Ahmedabad,Gujarat,2025-06-25
C01408,Customer_1408,Small Business,Kochi,Kerala,2021-01-01
C01409,Customer_1409,Consumer,Kolkata,West Bengal,2021-06-11
C01410,Customer_1410,Small Business,Delhi,Delhi,2022-03-01
C01411,Customer_1411,Consumer,Hyderabad,Telangana,2021-06-07
C01412,Customer_1412,Consumer,Jaipur,Rajasthan,2022-12-31
C01413,Customer_1413,Consumer,Kolkata,West Bengal,2024-07-26
C01414,Customer_1414,Consumer,Bengaluru,Karnataka,2025-11-23
C01415,Customer_1415,Consumer,Chennai,Tamil Nadu,2025-03-23
C01416,Customer_1416,Enterprise,Bengaluru,Karnataka,2023-07-29
C01417,Customer_1417,Consumer,Hyderabad,Telangana,2020-05-12
C01418,Customer_1418,Consumer,Kolkata,West Bengal,2024-06-30
C01419,Customer_1419,Consumer,Bengaluru,Karnataka,2025-03-03
C01420,Customer_1420,Enterprise,Bengaluru,Karnataka,2024-11-05
C01421,Customer_1421,Consumer,Delhi,Delhi,2020-01-18
C01422,Customer_1422,Consumer,Delhi,Delhi,2024-11-12
C01423,Customer_1423,Consumer,Kolkata,West Bengal,2020-04-26
C01424,Customer_1424,Consumer,Hyderabad,Telangana,2022-03-08
C01425,Customer_1425,Enterprise,Ahmedabad,Gujarat,2024-09-07
C01426,Customer_1426,Enterprise,Mumbai,Maharashtra,2022-01-22
C01427,Customer_1427,Consumer,Pune,Maharashtra,2023-10-24
C01428,Customer_1428,Enterprise,Jaipur,Rajasthan,2025-09-28
C01429,Customer_1429,Small Business,Pune,Maharashtra,2021-11-08
C01430,Customer_1430,Small Business,Kochi,Kerala,2020-04-15
C01431,Customer_1431,Consumer,Delhi,Delhi,2021-10-19
C01432,Customer_1432,Consumer,Kolkata,West Bengal,2025-04-30
C01433,Customer_1433,Consumer,Pune,Maharashtra,2023-12-19
C01434,Customer_1434,Small Business,Hyderabad,Telangana,2022-12-31
C01435,Customer_1435,Consumer,Jaipur,Rajasthan,2022-09-14
C01436,Customer_1436,Consumer,Pune,Maharashtra,2024-12-13
C01437,Customer_1437,Consumer,Jaipur,Rajasthan,2024-11-17
C01438,Customer_1438,Small Business,Chennai,Tamil Nadu,2021-03-21
C01439,Customer_1439,Consumer,Hyderabad,Telangana,2025-05-02
C01440,Customer_1440,Small Business,Mumbai,Maharashtra,2025-10-18
C01441,Customer_1441,Enterprise,Bengaluru,Karnataka,2025-06-20
C01442,Customer_1442,Consumer,Jaipur,Rajasthan,2022-02-12
C01443,Customer_1443,Small Business,Hyderabad,Telangana,2024-04-10
C01444,Customer_1444,Consumer,Jaipur,Rajasthan,2024-08-02
C01445,Customer_1445,Small Business,Jaipur,Rajasthan,2023-01-27
C01446,Customer_1446,Consumer,Ahmedabad,Gujarat,2023-07-25
C01447,Customer_1447,Small Business,Ahmedabad,Gujarat,2024-05-05
C01448,Customer_1448,Small Business,Hyderabad,Telangana,2024-08-13
C01449,Customer_1449,Enterprise,Ahmedabad,Gujarat,2022-08-01
C01450,Customer_1450,Small Business,Kochi,Kerala,2021-03-30
C01451,Customer_1451,Consumer,Mumbai,Maharashtra,2023-02-01
C01452,Customer_1452,Small Business,Kolkata,West Bengal,2022-08-03
C01453,Customer_1453,Small Business,Hyderabad,Telangana,2021-08-23
C01454,Customer_1454,Consumer,Hyderabad,Telangana,2021-12-25
C01455,Customer_1455,Consumer,Kochi,Kerala,2023-11-18
C01456,Customer_1456,Enterprise,Delhi,Delhi,2024-03-04
C01457,Customer_1457,Small Business,Delhi,Delhi,2020-09-07
C01458,Customer_1458,Small Business,Ahmedabad,Gujarat,2024-03-24
C01459,Customer_1459,Consumer,Kolkata,West Bengal,2020-03-19
C01460,Customer_1460,Small Business,Ahmedabad,Gujarat,2022-06-16
C01461,Customer_1461,Consumer,Chennai,Tamil Nadu,2022-02-19
C01462,Customer_1462,Small Business,Chennai,Tamil Nadu,2020-08-13
C01463,Customer_1463,Consumer,Bengaluru,Karnataka,2022-12-10
C01464,Customer_1464,Small Business,Chennai,Tamil Nadu,2023-04-24
C01465,Customer_1465,Enterprise,Delhi,Delhi,2022-11-23
C01466,Customer_1466,Consumer,Mumbai,Maharashtra,2022-03-13
C01467,Customer_1467,Enterprise,Chennai,Tamil Nadu,2022-01-11
C01468,Customer_1468,Consumer,Ahmedabad,Gujarat,2025-12-18
C01469,Customer_1469,Small Business,Jaipur,Rajasthan,2021-12-04
C01470,Customer_1470,Small Business,Hyderabad,Telangana,2023-11-27
C01471,Customer_1471,Consumer,Mumbai,Maharashtra,2021-09-06
C01472,Customer_1472,Small Business,Mumbai,Maharashtra,2020-11-24
C01473,Customer_1473,Small Business,Ahmedabad,Gujarat,2023-10-27
C01474,Customer_1474,Consumer,Hyderabad,Telangana,2024-01-23
C01475,Customer_1475,Consumer,Delhi,Delhi,2020-05-12
C01476,Customer_1476,Small Business,Mumbai,Maharashtra,2022-04-14
C01477,Customer_1477,Small Business,Bengaluru,Karnataka,2020-04-30
C01478,Customer_1478,Small Business,Ahmedabad,Gujarat,2024-01-15
C01479,Customer_1479,Small Business,Mumbai,Maharashtra,2022-08-22
C01480,Customer_1480,Consumer,Kolkata,West Bengal,2020-05-08
C01481,Customer_1481,Small Business,Hyderabad,Telangana,2024-05-17
C01482,Customer_1482,Consumer,Chennai,Tamil Nadu,2025-09-07
C01483,Customer_1483,Consumer,Mumbai,Maharashtra,2024-03-27
C01484,Customer_1484,Consumer,Ahmedabad,Gujarat,2020-11-28
C01485,Customer_1485,Consumer,Chennai,Tamil Nadu,2023-02-27
C01486,Customer_1486,Consumer,Bengaluru,Karnataka,2023-08-09
C01487,Customer_1487,Consumer,Chennai,Tamil Nadu,2023-04-11
C01488,Customer_1488,Small Business,Kolkata,West Bengal,2023-11-30
C01489,Customer_1489,Consumer,Delhi,Delhi,2020-12-21
C01490,Customer_1490,Consumer,Mumbai,Maharashtra,2020-05-18
C01491,Customer_1491,Consumer,Pune,Maharashtra,2024-03-06
C01492,Customer_1492,Consumer,Pune,Maharashtra,2023-04-12
C01493,Customer_1493,Consumer,Chennai,Tamil Nadu,2020-01-29
C01494,Customer_1494,Consumer,Kochi,Kerala,2022-07-19
C01495,Customer_1495,Small Business,Hyderabad,Telangana,2022-10-10
C01496,Customer_1496,Small Business,Pune,Maharashtra,2022-04-07
C01497,Customer_1497,Small Business,Kochi,Kerala,2020-12-16
C01498,Customer_1498,Consumer,Pune,Maharashtra,2025-07-17
C01499,Customer_1499,Consumer,Kochi,Kerala,2020-10-25
C01500,Customer_1500,Small Business,Hyderabad,Telangana,2024-10-09
C01501,Customer_1501,Consumer,Jaipur,Rajasthan,2025-02-08
C01502,Customer_1502,Consumer,Pune,Maharashtra,2023-04-30
C01503,Customer_1503,Consumer,Kolkata,West Bengal,2024-08-22
C01504,Customer_1504,Consumer,Mumbai,Maharashtra,2025-10-12
C01505,Customer_1505,Consumer,Kochi,Kerala,2022-01-24
C01506,Customer_1506,Consumer,Mumbai,Maharashtra,2022-02-08
C01507,Customer_1507,Consumer,Ahmedabad,Gujarat,2023-05-23
C01508,Customer_1508,Consumer,Ahmedabad,Gujarat,2022-04-13
C01509,Customer_1509,Small Business,Hyderabad,Telangana,2025-03-21
C01510,Customer_1510,Small Business,Kochi,Kerala,2024-04-13
C01511,Customer_1511,Small Business,Bengaluru,Karnataka,2023-05-03
C01512,Customer_1512,Small Business,Ahmedabad,Gujarat,2021-05-20
C01513,Customer_1513,Enterprise,Hyderabad,Telangana,2023-09-19
C01514,Customer_1514,Consumer,Ahmedabad,Gujarat,2023-12-31
C01515,Customer_1515,Consumer,Ahmedabad,Gujarat,2023-11-17
C01516,Customer_1516,Consumer,Bengaluru,Karnataka,2023-03-18
C01517,Customer_1517,Small Business,Pune,Maharashtra,2022-01-30
C01518,Customer_1518,Small Business,Chennai,Tamil Nadu,2022-04-12
C01519,Customer_1519,Consumer,Jaipur,Rajasthan,2023-11-29
C01520,Customer_1520,Enterprise,Ahmedabad,Gujarat,2020-10-09
C01521,Customer_1521,Consumer,Ahmedabad,Gujarat,2021-01-13
C01522,Customer_1522,Enterprise,Kolkata,West Bengal,2020-07-16
C01523,Customer_1523,Consumer,Jaipur,Rajasthan,2021-07-09
C01524,Customer_1524,Consumer,Bengaluru,Karnataka,2020-12-21
C01525,Customer_1525,Consumer,Mumbai,Maharashtra,2024-04-12
C01526,Customer_1526,Consumer,Kochi,Kerala,2022-11-06
C01527,Customer_1527,Consumer,Ahmedabad,Gujarat,2021-01-13
C01528,Customer_1528,Consumer,Chennai,Tamil Nadu,2021-11-10
C01529,Customer_1529,Small Business,Kochi,Kerala,2024-11-14
C01530,Customer_1530,Consumer,Jaipur,Rajasthan,2022-06-17
C01531,Customer_1531,Consumer,Kochi,Kerala,2020-03-16
C01532,Customer_1532,Small Business,Pune,Maharashtra,2020-08-18
C01533,Customer_1533,Small Business,Ahmedabad,Gujarat,2024-10-05
C01534,Customer_1534,Consumer,Kochi,Kerala,2022-08-19
C01535,Customer_1535,Consumer,Mumbai,Maharashtra,2025-10-17
C01536,Customer_1536,Consumer,Mumbai,Maharashtra,2021-01-27
C01537,Customer_1537,Consumer,Ahmedabad,Gujarat,2023-01-13
C01538,Customer_1538,Small Business,Delhi,Delhi,2020-09-23
C01539,Customer_1539,Consumer,Mumbai,Maharashtra,2022-12-28
C01540,Customer_1540,Consumer,Kochi,Kerala,2021-09-02
C01541,Customer_1541,Small Business,Hyderabad,Telangana,2023-10-02
C01542,Customer_1542,Consumer,Mumbai,Maharashtra,2022-10-05
C01543,Customer_1543,Consumer,Jaipur,Rajasthan,2022-08-19
C01544,Customer_1544,Consumer,Delhi,Delhi,2021-11-03
C01545,Customer_1545,Enterprise,Kochi,Kerala,2024-08-27
C01546,Customer_1546,Consumer,Bengaluru,Karnataka,2025-12-02
C01547,Customer_1547,Small Business,Kolkata,West Bengal,2020-01-31
C01548,Customer_1548,Consumer,Bengaluru,Karnataka,2023-09-28
C01549,Customer_1549,Consumer,Pune,Maharashtra,2023-11-01
C01550,Customer_1550,Small Business,Kolkata,West Bengal,2023-02-27
C01551,Customer_1551,Enterprise,Pune,Maharashtra,2021-09-08
C01552,Customer_1552,Small Business,Kolkata,West Bengal,2021-06-22
C01553,Customer_1553,Small Business,Kolkata,West Bengal,2022-05-20
C01554,Customer_1554,Small Business,Hyderabad,Telangana,2020-04-10
C01555,Customer_1555,Consumer,Chennai,Tamil Nadu,2023-11-13
C01556,Customer_1556,Consumer,Jaipur,Rajasthan,2022-07-29
C01557,Customer_1557,Small Business,Bengaluru,Karnataka,2020-12-06
C01558,Customer_1558,Consumer,Mumbai,Maharashtra,2022-11-09
C01559,Customer_1559,Small Business,Kochi,Kerala,2020-02-07
C01560,Customer_1560,Enterprise,Delhi,Delhi,2021-10-21
C01561,Customer_1561,Consumer,Jaipur,Rajasthan,2025-07-26
C01562,Customer_1562,Consumer,Pune,Maharashtra,2024-04-09
C01563,Customer_1563,Small Business,Hyderabad,Telangana,2024-07-14
C01564,Customer_1564,Consumer,Pune,Maharashtra,2022-11-15
C01565,Customer_1565,Small Business,Chennai,Tamil Nadu,2021-03-29
C01566,Customer_1566,Consumer,Delhi,Delhi,2024-08-31
C01567,Customer_1567,Small Business,Hyderabad,Telangana,2023-09-08
C01568,Customer_1568,Consumer,Pune,Maharashtra,2022-03-29
C01569,Customer_1569,Small Business,Chennai,Tamil Nadu,2022-02-11
C01570,Customer_1570,Consumer,Kochi,Kerala,2020-01-13
C01571,Customer_1571,Consumer,Kochi,Kerala,2022-07-09
C01572,Customer_1572,Consumer,Pune,Maharashtra,2022-04-04
C01573,Customer_1573,Small Business,Jaipur,Rajasthan,2023-08-07
C01574,Customer_1574,Small Business,Delhi,Delhi,2025-07-10
C01575,Customer_1575,Consumer,Ahmedabad,Gujarat,2023-05-13
C01576,Customer_1576,Consumer,Jaipur,Rajasthan,2021-11-27
C01577,Customer_1577,Consumer,Kochi,Kerala,2022-08-07
C01578,Customer_1578,Small Business,Delhi,Delhi,2023-12-09
C01579,Customer_1579,Small Business,Chennai,Tamil Nadu,2020-03-09
C01580,Customer_1580,Consumer,Hyderabad,Telangana,2024-11-16
C01581,Customer_1581,Consumer,Kolkata,West Bengal,2025-05-23
C01582,Customer_1582,Consumer,Pune,Maharashtra,2020-07-30
C01583,Customer_1583,Consumer,Bengaluru,Karnataka,2021-05-22
C01584,Customer_1584,Consumer,Delhi,Delhi,2025-08-25
C01585,Customer_1585,Enterprise,,Maharashtra,2024-03-01
C01586,Customer_1586,Consumer,Chennai,Tamil Nadu,2020-11-27
C01587,Customer_1587,Small Business,Ahmedabad,Gujarat,2021-07-04
C01588,Customer_1588,Consumer,Kolkata,West Bengal,2024-06-12
C01589,Customer_1589,Consumer,Mumbai,Maharashtra,2022-07-30
C01590,Customer_1590,Small Business,Ahmedabad,Gujarat,2021-12-28
C01591,Customer_1591,Small Business,Bengaluru,Karnataka,2022-05-29
C01592,Customer_1592,Enterprise,Kochi,Kerala,2021-10-10
C01593,Customer_1593,Consumer,Jaipur,Rajasthan,2022-09-26
C01594,Customer_1594,Consumer,Pune,Maharashtra,2024-03-01
C01595,Customer_1595,Small Business,Hyderabad,Telangana,2024-05-31
C01596,Customer_1596,Consumer,Ahmedabad,Gujarat,2022-10-06
C01597,Customer_1597,Consumer,Kolkata,West Bengal,2024-03-30
C01598,Customer_1598,Consumer,Delhi,Delhi,2022-03-14
C01599,Customer_1599,Consumer,Kochi,Kerala,2020-08-01
C01600,Customer_1600,Small Business,Delhi,Delhi,2020-06-17
C01601,Customer_1601,Consumer,Kolkata,West Bengal,2022-09-04
C01602,Customer_1602,Consumer,Delhi,Delhi,2023-08-21
C01603,Customer_1603,Consumer,Ahmedabad,Gujarat,2020-05-25
C01604,Customer_1604,Consumer,Chennai,Tamil Nadu,2024-12-03
C01605,Customer_1605,Consumer,Delhi,Delhi,2021-05-30
C01606,Customer_1606,Consumer,Jaipur,Rajasthan,2021-03-28
C01607,Customer_1607,Consumer,Bengaluru,Karnataka,2020-02-29
C01608,Customer_1608,Small Business,Hyderabad,Telangana,2021-06-11
C01609,Customer_1609,Consumer,Ahmedabad,Gujarat,2022-10-20
C01610,Customer_1610,Consumer,Mumbai,Maharashtra,2024-04-13
C01611,Customer_1611,Small Business,Kolkata,West Bengal,2023-01-07
C01612,Customer_1612,Small Business,Kochi,Kerala,2021-03-08
C01613,Customer_1613,Consumer,Ahmedabad,Gujarat,2023-03-22
C01614,Customer_1614,Consumer,Chennai,Tamil Nadu,2021-02-04
C01615,Customer_1615,Consumer,Kochi,Kerala,2025-10-05
C01616,Customer_1616,Small Business,Jaipur,Rajasthan,2021-08-27
C01617,Customer_1617,Enterprise,Kolkata,West Bengal,2024-12-15
C01618,Customer_1618,Small Business,Kochi,Kerala,2024-01-03
C01619,Customer_1619,Consumer,Delhi,Delhi,2024-11-08
C01620,Customer_1620,Small Business,Ahmedabad,Gujarat,2024-04-02
C01621,Customer_1621,Consumer,Bengaluru,Karnataka,2023-01-01
C01622,Customer_1622,Consumer,Kolkata,West Bengal,2022-07-17
C01623,Customer_1623,Consumer,Pune,Maharashtra,2025-05-05
C01624,Customer_1624,Enterprise,Jaipur,Rajasthan,2025-05-27
C01625,Customer_1625,Consumer,Hyderabad,Telangana,2025-08-26
C01626,Customer_1626,Small Business,Kolkata,West Bengal,2024-04-03
C01627,Customer_1627,Consumer,Chennai,Tamil Nadu,2020-11-21
C01628,Customer_1628,Consumer,Ahmedabad,Gujarat,2022-09-21
C01629,Customer_1629,Consumer,Delhi,Delhi,2021-09-04
C01630,Customer_1630,Consumer,Hyderabad,Telangana,2021-08-18
C01631,Customer_1631,Small Business,Hyderabad,Telangana,2022-07-09
C01632,Customer_1632,Consumer,Jaipur,Rajasthan,2022-04-21
C01633,Customer_1633,Small Business,Kochi,Kerala,2023-05-10
C01634,Customer_1634,Small Business,Chennai,Tamil Nadu,2020-12-09
C01635,Customer_1635,Enterprise,Kochi,Kerala,2025-02-19
C01636,Customer_1636,Consumer,Delhi,Delhi,2022-05-08
C01637,Customer_1637,Consumer,Hyderabad,Telangana,2023-11-24
C01638,Customer_1638,Consumer,Chennai,Tamil Nadu,2021-03-20
C01639,Customer_1639,Enterprise,Chennai,Tamil Nadu,2024-11-23
C01640,Customer_1640,Enterprise,Mumbai,Maharashtra,2020-08-09
C01641,Customer_1641,Consumer,Ahmedabad,Gujarat,2021-08-14
C01642,Customer_1642,Small Business,Hyderabad,Telangana,2022-10-27
C01643,Customer_1643,Consumer,Hyderabad,Telangana,2023-07-19
C01644,Customer_1644,Small Business,Chennai,Tamil Nadu,2022-10-14
C01645,Customer_1645,Consumer,Kochi,Kerala,2025-08-25
C01646,Customer_1646,Small Business,Hyderabad,Telangana,2023-12-18
C01647,Customer_1647,Consumer,Chennai,Tamil Nadu,2025-08-07
C01648,Customer_1648,Small Business,Hyderabad,Telangana,2021-06-07
C01649,Customer_1649,Small Business,Chennai,Tamil Nadu,2025-08-30
C01650,Customer_1650,Small Business,Mumbai,Maharashtra,2024-12-13
C01651,Customer_1651,Consumer,Ahmedabad,Gujarat,2023-08-04
C01652,Customer_1652,Consumer,Chennai,Tamil Nadu,2023-07-30
C01653,Customer_1653,Consumer,Hyderabad,Telangana,2022-12-25
C01654,Customer_1654,Consumer,Delhi,Delhi,2024-07-30
C01655,Customer_1655,Consumer,Ahmedabad,Gujarat,2021-03-12
C01656,Customer_1656,Enterprise,Mumbai,Maharashtra,2022-04-08
C01657,Customer_1657,Consumer,Chennai,Tamil Nadu,2020-09-15
C01658,Customer_1658,Consumer,Delhi,Delhi,2025-06-26
C01659,Customer_1659,Consumer,Chennai,Tamil Nadu,2025-06-12
C01660,Customer_1660,Consumer,Kochi,Kerala,2020-04-12
C01661,Customer_1661,Small Business,Hyderabad,Telangana,2022-09-19
C01662,Customer_1662,Consumer,Kolkata,West Bengal,2022-02-07
C01663,Customer_1663,Enterprise,Jaipur,Rajasthan,2023-01-29
C01664,Customer_1664,Consumer,Bengaluru,Karnataka,2023-05-06
C01665,Customer_1665,Enterprise,Kochi,Kerala,2020-08-24
C01666,Customer_1666,Small Business,Delhi,Delhi,2023-02-18
C01667,Customer_1667,Consumer,Kochi,Kerala,2022-02-05
C01668,Customer_1668,Enterprise,Pune,Maharashtra,2022-09-17
C01669,Customer_1669,Consumer,Chennai,Tamil Nadu,2024-10-25
C01670,Customer_1670,Small Business,Chennai,Tamil Nadu,2021-05-10
C01671,Customer_1671,Consumer,Bengaluru,Karnataka,2022-11-13
C01672,Customer_1672,Small Business,Bengaluru,Karnataka,2024-09-22
C01673,Customer_1673,Small Business,Pune,Maharashtra,2025-09-03
C01674,Customer_1674,Small Business,Hyderabad,Telangana,2020-12-03
C01675,Customer_1675,Small Business,Jaipur,Rajasthan,2025-04-21
C01676,Customer_1676,Consumer,Kolkata,West Bengal,2024-12-22
C01677,Customer_1677,Consumer,Kolkata,West Bengal,2020-05-16
C01678,Customer_1678,Consumer,Mumbai,Maharashtra,2020-11-15
C01679,Customer_1679,Consumer,Mumbai,Maharashtra,2025-02-06
C01680,Customer_1680,Small Business,Hyderabad,Telangana,2022-07-04
C01681,Customer_1681,Consumer,Mumbai,Maharashtra,2023-04-20
C01682,Customer_1682,Enterprise,Mumbai,Maharashtra,2025-03-12
C01683,Customer_1683,Small Business,Pune,Maharashtra,2025-11-03
C01684,Customer_1684,Small Business,Pune,Maharashtra,2022-07-14
C01685,Customer_1685,Consumer,Mumbai,Maharashtra,2025-10-01
C01686,Customer_1686,Small Business,Kochi,Kerala,2023-06-12
C01687,Customer_1687,Enterprise,Ahmedabad,Gujarat,2025-06-05
C01688,Customer_1688,Consumer,Ahmedabad,Gujarat,2021-03-08
C01689,Customer_1689,Small Business,Hyderabad,Telangana,2022-09-25
C01690,Customer_1690,Small Business,,West Bengal,2025-11-17
C01691,Customer_1691,Consumer,Bengaluru,Karnataka,2022-09-16
C01692,Customer_1692,Consumer,Hyderabad,Telangana,2021-08-21
C01693,Customer_1693,Consumer,Mumbai,Maharashtra,2021-01-30
C01694,Customer_1694,Consumer,Pune,Maharashtra,2021-02-18
C01695,Customer_1695,Consumer,Chennai,Tamil Nadu,2022-07-27
C01696,Customer_1696,Consumer,Kochi,Kerala,2024-06-24
C01697,Customer_1697,Consumer,Delhi,Delhi,2021-06-24
C01698,Customer_1698,Consumer,Pune,Maharashtra,2024-07-07
C01699,Customer_1699,Enterprise,Ahmedabad,Gujarat,2025-04-29
C01700,Customer_1700,Consumer,Pune,Maharashtra,2020-03-24
C01701,Customer_1701,Enterprise,Kochi,Kerala,2020-09-27
C01702,Customer_1702,Consumer,Bengaluru,Karnataka,2021-01-22
C01703,Customer_1703,Consumer,Mumbai,Maharashtra,2020-08-01
C01704,Customer_1704,Consumer,Chennai,Tamil Nadu,2020-02-28
C01705,Customer_1705,Consumer,Ahmedabad,Gujarat,2024-06-13
C01706,Customer_1706,Consumer,Ahmedabad,Gujarat,2022-04-22
C01707,Customer_1707,Small Business,Jaipur,Rajasthan,2024-03-07
C01708,Customer_1708,Consumer,Kolkata,West Bengal,2024-09-25
C01709,Customer_1709,Small Business,Bengaluru,Karnataka,2020-05-02
C01710,Customer_1710,Small Business,Ahmedabad,Gujarat,2023-12-07
C01711,Customer_1711,Consumer,Kolkata,West Bengal,2023-03-08
C01712,Customer_1712,Consumer,Ahmedabad,Gujarat,2021-07-15
C01713,Customer_1713,Small Business,Mumbai,Maharashtra,2025-12-05
C01714,Customer_1714,Consumer,Kolkata,West Bengal,2024-10-03
C01715,Customer_1715,Consumer,Kochi,Kerala,2022-06-23
C01716,Customer_1716,Enterprise,Jaipur,Rajasthan,2021-01-29
C01717,Customer_1717,Consumer,Mumbai,Maharashtra,2024-09-22
C01718,Customer_1718,Small Business,Kochi,Kerala,2024-09-12
C01719,Customer_1719,Enterprise,Chennai,Tamil Nadu,2022-07-23
C01720,Customer_1720,Consumer,Bengaluru,Karnataka,2023-01-06
C01721,Customer_1721,Consumer,Bengaluru,Karnataka,2023-12-06
C01722,Customer_1722,Consumer,Delhi,Delhi,2020-03-15
C01723,Customer_1723,Consumer,Delhi,Delhi,2020-10-21
C01724,Customer_1724,Consumer,Kolkata,West Bengal,2020-01-21
C01725,Customer_1725,Small Business,Bengaluru,Karnataka,2022-11-04
C01726,Customer_1726,Consumer,Kolkata,West Bengal,2023-05-19
C01727,Customer_1727,Consumer,Delhi,Delhi,2021-07-13
C01728,Customer_1728,Enterprise,Chennai,Tamil Nadu,2023-01-14
C01729,Customer_1729,Small Business,Ahmedabad,Gujarat,2023-03-18
C01730,Customer_1730,Small Business,Kochi,Kerala,2021-01-06
C01731,Customer_1731,Consumer,Pune,Maharashtra,2025-07-20
C01732,Customer_1732,Small Business,Kolkata,West Bengal,2022-03-28
C01733,Customer_1733,Consumer,Chennai,Tamil Nadu,2023-03-20
C01734,Customer_1734,Consumer,Kochi,Kerala,2023-03-10
C01735,Customer_1735,Consumer,Bengaluru,Karnataka,2022-12-28
C01736,Customer_1736,Small Business,Ahmedabad,Gujarat,2023-07-07
C01737,Customer_1737,Consumer,Kochi,Kerala,2025-07-04
C01738,Customer_1738,Consumer,Jaipur,Rajasthan,2022-04-25
C01739,Customer_1739,Consumer,Delhi,Delhi,2025-06-14
C01740,Customer_1740,Consumer,Kochi,Kerala,2021-06-04
C01741,Customer_1741,Small Business,Pune,Maharashtra,2021-01-05
C01742,Customer_1742,Small Business,Chennai,Tamil Nadu,2023-12-13
C01743,Customer_1743,Small Business,Ahmedabad,Gujarat,2020-04-10
C01744,Customer_1744,Consumer,Mumbai,Maharashtra,2021-10-22
C01745,Customer_1745,Consumer,Kochi,Kerala,2024-08-08
C01746,Customer_1746,Consumer,Hyderabad,Telangana,2020-08-30
C01747,Customer_1747,Consumer,Pune,Maharashtra,2021-05-26
C01748,Customer_1748,Consumer,Pune,Maharashtra,2024-03-21
C01749,Customer_1749,Small Business,Hyderabad,Telangana,2025-10-15
C01750,Customer_1750,Consumer,Jaipur,Rajasthan,2021-01-30
C01751,Customer_1751,Consumer,Mumbai,Maharashtra,2021-09-03
C01752,Customer_1752,Consumer,Delhi,Delhi,2023-06-14
C01753,Customer_1753,Consumer,Chennai,Tamil Nadu,2025-01-31
C01754,Customer_1754,Consumer,Ahmedabad,Gujarat,2022-02-08
C01755,Customer_1755,Enterprise,Chennai,Tamil Nadu,2023-11-23
C01756,Customer_1756,Small Business,Mumbai,Maharashtra,2021-02-10
C01757,Customer_1757,Enterprise,Chennai,Tamil Nadu,2025-02-15
C01758,Customer_1758,Consumer,Hyderabad,Telangana,2024-02-12
C01759,Customer_1759,Consumer,Pune,Maharashtra,2023-03-25
C01760,Customer_1760,Consumer,Chennai,Tamil Nadu,2021-10-15
C01761,Customer_1761,Consumer,Kolkata,West Bengal,2023-03-27
C01762,Customer_1762,Small Business,Kochi,Kerala,2022-09-03
C01763,Customer_1763,Consumer,Mumbai,Maharashtra,2023-12-10
C01764,Customer_1764,Consumer,Jaipur,Rajasthan,2023-09-29
C01765,Customer_1765,Consumer,Kolkata,West Bengal,2020-08-16
C01766,Customer_1766,Consumer,Hyderabad,Telangana,2025-03-08
C01767,Customer_1767,Small Business,Bengaluru,Karnataka,2023-08-06
C01768,Customer_1768,Consumer,Hyderabad,Telangana,2022-12-06
C01769,Customer_1769,Consumer,Jaipur,Rajasthan,2022-09-01
C01770,Customer_1770,Consumer,Jaipur,Rajasthan,2024-10-04
C01771,Customer_1771,Consumer,Kolkata,West Bengal,2022-01-27
C01772,Customer_1772,Small Business,Kochi,Kerala,2020-11-16
C01773,Customer_1773,Small Business,Mumbai,Maharashtra,2021-07-09
C01774,Customer_1774,Enterprise,Delhi,Delhi,2022-04-23
C01775,Customer_1775,Small Business,Pune,Maharashtra,2023-08-29
C01776,Customer_1776,Consumer,Kolkata,West Bengal,2023-10-18
C01777,Customer_1777,Small Business,Jaipur,Rajasthan,2021-10-29
C01778,Customer_1778,Consumer,Bengaluru,Karnataka,2025-04-26
C01779,Customer_1779,Consumer,Ahmedabad,Gujarat,2025-06-27
C01780,Customer_1780,Small Business,Jaipur,Rajasthan,2025-04-14
C01781,Customer_1781,Consumer,Kochi,Kerala,2022-01-15
C01782,Customer_1782,Enterprise,Kochi,Kerala,2021-11-05
C01783,Customer_1783,Consumer,Jaipur,Rajasthan,2025-12-03
C01784,Customer_1784,Small Business,Kochi,Kerala,2022-12-01
C01785,Customer_1785,Small Business,Kolkata,West Bengal,2021-09-09
C01786,Customer_1786,Small Business,Jaipur,Rajasthan,2025-12-05
C01787,Customer_1787,Small Business,Jaipur,Rajasthan,2025-11-17
C01788,Customer_1788,Small Business,Mumbai,Maharashtra,2022-09-19
C01789,Customer_1789,Consumer,Pune,Maharashtra,2023-08-21
C01790,Customer_1790,Consumer,Bengaluru,Karnataka,2023-10-09
C01791,Customer_1791,Consumer,Kochi,Kerala,2020-10-12
C01792,Customer_1792,Small Business,Mumbai,Maharashtra,2025-10-11
C01793,Customer_1793,Consumer,Delhi,Delhi,2021-11-17
C01794,Customer_1794,Small Business,Delhi,Delhi,2023-07-29
C01795,Customer_1795,Consumer,Chennai,Tamil Nadu,2024-01-04
C01796,Customer_1796,Consumer,Kolkata,West Bengal,2022-01-07
C01797,Customer_1797,Small Business,Kolkata,West Bengal,2025-05-12
C01798,Customer_1798,Consumer,Hyderabad,Telangana,2025-03-09
C01799,Customer_1799,Consumer,Bengaluru,Karnataka,2024-01-25
C01800,Customer_1800,Consumer,Jaipur,Rajasthan,2025-10-01
C01801,Customer_1801,Enterprise,Kochi,Kerala,2021-04-30
C01802,Customer_1802,Small Business,Bengaluru,Karnataka,2024-02-22
C01803,Customer_1803,Consumer,Chennai,Tamil Nadu,2025-06-24
C01804,Customer_1804,Consumer,Hyderabad,Telangana,2023-10-19
C01805,Customer_1805,Consumer,Mumbai,Maharashtra,2022-10-27
C01806,Customer_1806,Small Business,Bengaluru,Karnataka,2024-10-31
C01807,Customer_1807,Small Business,Mumbai,Maharashtra,2021-10-29
C01808,Customer_1808,Consumer,Delhi,Delhi,2023-05-05
C01809,Customer_1809,Consumer,Kochi,Kerala,2022-04-14
C01810,Customer_1810,Consumer,Chennai,Tamil Nadu,2022-05-25
C01811,Customer_1811,Small Business,Jaipur,Rajasthan,2022-09-28
C01812,Customer_1812,Small Business,Kochi,Kerala,2020-09-06
C01813,Customer_1813,Consumer,Pune,Maharashtra,2025-04-23
C01814,Customer_1814,Consumer,Kolkata,West Bengal,2024-06-06
C01815,Customer_1815,Consumer,Chennai,Tamil Nadu,2023-06-17
C01816,Customer_1816,Enterprise,Bengaluru,Karnataka,2022-05-21
C01817,Customer_1817,Consumer,Kochi,Kerala,2022-04-14
C01818,Customer_1818,Small Business,Ahmedabad,Gujarat,2022-07-07
C01819,Customer_1819,Small Business,Kolkata,West Bengal,2024-09-20
C01820,Customer_1820,Consumer,Kolkata,West Bengal,2023-08-06
C01821,Customer_1821,Consumer,Ahmedabad,Gujarat,2025-03-12
C01822,Customer_1822,Consumer,Hyderabad,Telangana,2021-02-06
C01823,Customer_1823,Small Business,Hyderabad,Telangana,2025-10-06
C01824,Customer_1824,Small Business,Ahmedabad,Gujarat,2023-08-20
C01825,Customer_1825,Small Business,Pune,Maharashtra,2023-02-12
C01826,Customer_1826,Consumer,Delhi,Delhi,2020-07-28
C01827,Customer_1827,Consumer,Ahmedabad,Gujarat,2022-11-30
C01828,Customer_1828,Enterprise,Delhi,Delhi,2022-03-26
C01829,Customer_1829,Small Business,Kochi,Kerala,2020-08-21
C01830,Customer_1830,Consumer,Pune,Maharashtra,2022-03-03
C01831,Customer_1831,Enterprise,Chennai,Tamil Nadu,2025-03-22
C01832,Customer_1832,Small Business,Delhi,Delhi,2024-06-01
C01833,Customer_1833,Consumer,Kolkata,West Bengal,2025-12-06
C01834,Customer_1834,Small Business,Kochi,Kerala,2020-11-30
C01835,Customer_1835,Small Business,Kolkata,West Bengal,2023-09-21
C01836,Customer_1836,Small Business,Pune,Maharashtra,2024-06-27
C01837,Customer_1837,Consumer,Delhi,Delhi,2023-01-02
C01838,Customer_1838,Consumer,Mumbai,Maharashtra,2023-04-29
C01839,Customer_1839,Enterprise,,Maharashtra,2020-11-19
C01840,Customer_1840,Consumer,Pune,Maharashtra,2024-11-25
C01841,Customer_1841,Consumer,Mumbai,Maharashtra,2020-10-10
C01842,Customer_1842,Consumer,Kochi,Kerala,2020-07-31
C01843,Customer_1843,Consumer,Delhi,Delhi,2024-07-16
C01844,Customer_1844,Small Business,Delhi,Delhi,2024-10-07
C01845,Customer_1845,Enterprise,Kolkata,West Bengal,2022-07-17
C01846,Customer_1846,Consumer,Pune,Maharashtra,2022-01-21
C01847,Customer_1847,Consumer,Pune,Maharashtra,2023-11-18
C01848,Customer_1848,Consumer,Jaipur,Rajasthan,2024-12-26
C01849,Customer_1849,Small Business,Chennai,Tamil Nadu,2022-11-11
C01850,Customer_1850,Small Business,Pune,Maharashtra,2024-11-29
C01851,Customer_1851,Consumer,Bengaluru,Karnataka,2025-03-07
C01852,Customer_1852,Small Business,Chennai,Tamil Nadu,2020-04-14
C01853,Customer_1853,Small Business,Bengaluru,Karnataka,2024-01-29
C01854,Customer_1854,Small Business,Delhi,Delhi,2024-01-22
C01855,Customer_1855,Enterprise,Chennai,Tamil Nadu,2023-12-26
C01856,Customer_1856,Consumer,Pune,Maharashtra,2022-02-08
C01857,Customer_1857,Small Business,Mumbai,Maharashtra,2025-05-13
C01858,Customer_1858,Consumer,Kolkata,West Bengal,2025-07-20
C01859,Customer_1859,Small Business,Bengaluru,Karnataka,2021-01-13
C01860,Customer_1860,Small Business,Chennai,Tamil Nadu,2021-12-13
C01861,Customer_1861,Small Business,Pune,Maharashtra,2023-10-04
C01862,Customer_1862,Small Business,Chennai,Tamil Nadu,2020-08-12
C01863,Customer_1863,Consumer,Pune,Maharashtra,2024-10-03
C01864,Customer_1864,Consumer,,Maharashtra,2022-01-07
C01865,Customer_1865,Enterprise,Pune,Maharashtra,2020-08-23
C01866,Customer_1866,Enterprise,Jaipur,Rajasthan,2020-07-01
C01867,Customer_1867,Consumer,Kolkata,West Bengal,2021-12-12
C01868,Customer_1868,Consumer,Mumbai,Maharashtra,2025-03-07
C01869,Customer_1869,Consumer,Mumbai,Maharashtra,2025-03-03
C01870,Customer_1870,Small Business,Chennai,Tamil Nadu,2021-09-14
C01871,Customer_1871,Small Business,Chennai,Tamil Nadu,2023-06-13
C01872,Customer_1872,Consumer,Pune,Maharashtra,2023-02-24
C01873,Customer_1873,Consumer,Jaipur,Rajasthan,2022-01-18
C01874,Customer_1874,Small Business,Pune,Maharashtra,2021-05-24
C01875,Customer_1875,Small Business,Jaipur,Rajasthan,2024-04-24
C01876,Customer_1876,Consumer,Pune,Maharashtra,2024-12-28
C01877,Customer_1877,Consumer,Bengaluru,Karnataka,2022-02-23
C01878,Customer_1878,Consumer,Bengaluru,Karnataka,2020-05-16
C01879,Customer_1879,Consumer,Delhi,Delhi,2025-11-04
C01880,Customer_1880,Consumer,Pune,Maharashtra,2024-11-12
C01881,Customer_1881,Small Business,Kolkata,West Bengal,2023-05-07
C01882,Customer_1882,Small Business,Delhi,Delhi,2023-08-26
C01883,Customer_1883,Small Business,Chennai,Tamil Nadu,2024-11-12
C01884,Customer_1884,Small Business,Kochi,Kerala,2023-07-28
C01885,Customer_1885,Consumer,Pune,Maharashtra,2022-02-02
C01886,Customer_1886,Consumer,Bengaluru,Karnataka,2021-12-02
C01887,Customer_1887,Consumer,Kochi,Kerala,2020-05-31
C01888,Customer_1888,Consumer,Jaipur,Rajasthan,2023-08-18
C01889,Customer_1889,Small Business,Kochi,Kerala,2023-07-25
C01890,Customer_1890,Enterprise,Kolkata,West Bengal,2024-09-07
C01891,Customer_1891,Consumer,Pune,Maharashtra,2022-10-28
C01892,Customer_1892,Consumer,Mumbai,Maharashtra,2022-03-17
C01893,Customer_1893,Small Business,Kochi,Kerala,2020-08-22
C01894,Customer_1894,Consumer,Mumbai,Maharashtra,2021-07-14
C01895,Customer_1895,Consumer,Jaipur,Rajasthan,2023-08-18
C01896,Customer_1896,Small Business,Delhi,Delhi,2020-02-07
C01897,Customer_1897,Small Business,Mumbai,Maharashtra,2023-03-05
C01898,Customer_1898,Consumer,Delhi,Delhi,2021-02-24
C01899,Customer_1899,Consumer,Bengaluru,Karnataka,2023-05-27
C01900,Customer_1900,Small Business,Pune,Maharashtra,2020-12-13
C01901,Customer_1901,Consumer,Kochi,Kerala,2025-01-05
C01902,Customer_1902,Consumer,Bengaluru,Karnataka,2024-04-18
C01903,Customer_1903,Small Business,Bengaluru,Karnataka,2025-04-02
C01904,Customer_1904,Consumer,Ahmedabad,Gujarat,2025-03-16
C01905,Customer_1905,Small Business,Hyderabad,Telangana,2023-10-29
C01906,Customer_1906,Consumer,Kolkata,West Bengal,2024-12-29
C01907,Customer_1907,Enterprise,Delhi,Delhi,2023-05-13
C01908,Customer_1908,Consumer,Ahmedabad,Gujarat,2021-02-08
C01909,Customer_1909,Consumer,Hyderabad,Telangana,2024-09-17
C01910,Customer_1910,Consumer,Kolkata,West Bengal,2023-05-05
C01911,Customer_1911,Consumer,Delhi,Delhi,2020-04-24
C01912,Customer_1912,Small Business,Pune,Maharashtra,2024-08-03
C01913,Customer_1913,Enterprise,Kolkata,West Bengal,2020-03-05
C01914,Customer_1914,Consumer,Kochi,Kerala,2023-07-23
C01915,Customer_1915,Consumer,Bengaluru,Karnataka,2022-04-04
C01916,Customer_1916,Small Business,Hyderabad,Telangana,2023-11-16
C01917,Customer_1917,Small Business,Hyderabad,Telangana,2022-08-26
C01918,Customer_1918,Consumer,Hyderabad,Telangana,2021-01-03
C01919,Customer_1919,Consumer,Delhi,Delhi,2020-08-20
C01920,Customer_1920,Consumer,Kochi,Kerala,2022-06-25
C01921,Customer_1921,Small Business,Kolkata,West Bengal,2022-07-09
C01922,Customer_1922,Consumer,Bengaluru,Karnataka,2021-11-19
C01923,Customer_1923,Small Business,Kochi,Kerala,2020-06-25
C01924,Customer_1924,Consumer,Ahmedabad,Gujarat,2022-10-31
C01925,Customer_1925,Small Business,Pune,Maharashtra,2024-01-09
C01926,Customer_1926,Consumer,Mumbai,Maharashtra,2021-09-21
C01927,Customer_1927,Consumer,Kochi,Kerala,2020-06-12
C01928,Customer_1928,Consumer,Ahmedabad,Gujarat,2025-10-01
C01929,Customer_1929,Small Business,Bengaluru,Karnataka,2022-04-03
C01930,Customer_1930,Consumer,Mumbai,Maharashtra,2020-02-25
C01931,Customer_1931,Consumer,Mumbai,Maharashtra,2020-04-27
C01932,Customer_1932,Consumer,Kochi,Kerala,2022-03-08
C01933,Customer_1933,Consumer,Hyderabad,Telangana,2022-02-18
C01934,Customer_1934,Small Business,Chennai,Tamil Nadu,2023-12-09
C01935,Customer_1935,Small Business,Bengaluru,Karnataka,2025-03-08
C01936,Customer_1936,Small Business,Hyderabad,Telangana,2021-12-08
C01937,Customer_1937,Consumer,Bengaluru,Karnataka,2023-01-08
C01938,Customer_1938,Small Business,Chennai,Tamil Nadu,2020-01-22
C01939,Customer_1939,Consumer,Pune,Maharashtra,2024-02-09
C01940,Customer_1940,Consumer,Chennai,Tamil Nadu,2022-04-22
C01941,Customer_1941,Consumer,Jaipur,Rajasthan,2024-10-26
C01942,Customer_1942,Consumer,Kochi,Kerala,2023-01-21
C01943,Customer_1943,Small Business,Kochi,Kerala,2020-07-10
C01944,Customer_1944,Small Business,Ahmedabad,Gujarat,2022-10-15
C01945,Customer_1945,Small Business,Hyderabad,Telangana,2023-01-31
C01946,Customer_1946,Consumer,Ahmedabad,Gujarat,2021-01-30
C01947,Customer_1947,Consumer,Jaipur,Rajasthan,2022-10-15
C01948,Customer_1948,Consumer,Chennai,Tamil Nadu,2021-07-20
C01949,Customer_1949,Consumer,Kochi,Kerala,2020-08-18
C01950,Customer_1950,Consumer,Delhi,Delhi,2022-05-23
C01951,Customer_1951,Consumer,Chennai,Tamil Nadu,2020-08-27
C01952,Customer_1952,Consumer,Chennai,Tamil Nadu,2020-03-30
C01953,Customer_1953,Consumer,Jaipur,Rajasthan,2021-04-01
C01954,Customer_1954,Small Business,Pune,Maharashtra,2020-12-19
C01955,Customer_1955,Enterprise,Bengaluru,Karnataka,2022-10-01
C01956,Customer_1956,Enterprise,Jaipur,Rajasthan,2023-09-18
C01957,Customer_1957,Small Business,Bengaluru,Karnataka,2021-03-14
C01958,Customer_1958,Consumer,Kochi,Kerala,2023-10-30
C01959,Customer_1959,Small Business,Jaipur,Rajasthan,2020-12-10
C01960,Customer_1960,Small Business,Bengaluru,Karnataka,2021-10-18
C01961,Customer_1961,Consumer,Ahmedabad,Gujarat,2025-12-17
C01962,Customer_1962,Consumer,Jaipur,Rajasthan,2025-12-28
C01963,Customer_1963,Small Business,Kochi,Kerala,2023-01-21
C01964,Customer_1964,Consumer,Jaipur,Rajasthan,2021-09-17
C01965,Customer_1965,Consumer,Kochi,Kerala,2020-10-10
C01966,Customer_1966,Consumer,Jaipur,Rajasthan,2025-06-02
C01967,Customer_1967,Consumer,Bengaluru,Karnataka,2024-08-05
C01968,Customer_1968,Consumer,Pune,Maharashtra,2020-08-10
C01969,Customer_1969,Consumer,Kolkata,West Bengal,2022-01-13
C01970,Customer_1970,Consumer,Bengaluru,Karnataka,2021-04-07
C01971,Customer_1971,Consumer,Hyderabad,Telangana,2024-04-17
C01972,Customer_1972,Small Business,Mumbai,Maharashtra,2024-09-01
C01973,Customer_1973,Consumer,Pune,Maharashtra,2023-03-09
C01974,Customer_1974,Consumer,Ahmedabad,Gujarat,2024-10-02
C01975,Customer_1975,Consumer,Chennai,Tamil Nadu,2022-11-12
C01976,Customer_1976,Enterprise,Bengaluru,Karnataka,2021-10-26
C01977,Customer_1977,Consumer,Jaipur,Rajasthan,2023-09-18
C01978,Customer_1978,Consumer,Bengaluru,Karnataka,2022-10-11
C01979,Customer_1979,Small Business,Delhi,Delhi,2025-11-02
C01980,Customer_1980,Small Business,Pune,Maharashtra,2022-11-20
C01981,Customer_1981,Consumer,Kolkata,West Bengal,2024-10-30
C01982,Customer_1982,Small Business,Ahmedabad,Gujarat,2025-03-28
C01983,Customer_1983,Consumer,Delhi,Delhi,2020-12-28
C01984,Customer_1984,Consumer,Kochi,Kerala,2023-11-13
C01985,Customer_1985,Consumer,Delhi,Delhi,2021-10-29
C01986,Customer_1986,Consumer,Bengaluru,Karnataka,2025-02-23
C01987,Customer_1987,Small Business,Ahmedabad,Gujarat,2023-10-26
C01988,Customer_1988,Consumer,Bengaluru,Karnataka,2020-04-08
C01989,Customer_1989,Consumer,Kochi,Kerala,2025-09-25
C01990,Customer_1990,Small Business,Chennai,Tamil Nadu,2021-02-25
C01991,Customer_1991,Small Business,Ahmedabad,Gujarat,2024-02-12
C01992,Customer_1992,Consumer,Chennai,Tamil Nadu,2020-03-02
C01993,Customer_1993,Small Business,Pune,Maharashtra,2023-02-06
C01994,Customer_1994,Consumer,Pune,Maharashtra,2024-08-29
C01995,Customer_1995,Small Business,Chennai,Tamil Nadu,2021-08-20
C01996,Customer_1996,Small Business,Pune,Maharashtra,2021-01-26
C01997,Customer_1997,Enterprise,Ahmedabad,Gujarat,2022-12-11
C01998,Customer_1998,Consumer,Jaipur,Rajasthan,2023-08-05
C01999,Customer_1999,Consumer,Hyderabad,Telangana,2025-07-22
C02000,Customer_2000,Consumer,Pune,Maharashtra,2022-03-20
C02001,Customer_2001,Consumer,Pune,Maharashtra,2023-11-06
C02002,Customer_2002,Consumer,Bengaluru,Karnataka,2023-03-05
C02003,Customer_2003,Enterprise,Chennai,Tamil Nadu,2024-03-11
C02004,Customer_2004,Consumer,Mumbai,Maharashtra,2023-10-17
C02005,Customer_2005,Consumer,Kolkata,West Bengal,2022-05-30
C02006,Customer_2006,Small Business,Delhi,Delhi,2024-05-18
C02007,Customer_2007,Consumer,Pune,Maharashtra,2020-09-10
C02008,Customer_2008,Small Business,Delhi,Delhi,2025-08-29
C02009,Customer_2009,Consumer,Ahmedabad,Gujarat,2023-03-14
C02010,Customer_2010,Consumer,Mumbai,Maharashtra,2023-05-16
C02011,Customer_2011,Consumer,Kolkata,West Bengal,2020-06-14
C02012,Customer_2012,Consumer,Chennai,Tamil Nadu,2024-04-22
C02013,Customer_2013,Enterprise,Hyderabad,Telangana,2021-09-08
C02014,Customer_2014,Consumer,Kolkata,West Bengal,2024-06-13
C02015,Customer_2015,Consumer,Kolkata,West Bengal,2021-05-17
C02016,Customer_2016,Consumer,Hyderabad,Telangana,2022-07-01
C02017,Customer_2017,Consumer,Jaipur,Rajasthan,2025-10-27
C02018,Customer_2018,Small Business,Chennai,Tamil Nadu,2021-08-07
C02019,Customer_2019,Consumer,Bengaluru,Karnataka,2025-05-12
C02020,Customer_2020,Small Business,Delhi,Delhi,2021-01-30
C02021,Customer_2021,Enterprise,Pune,Maharashtra,2024-06-19
C02022,Customer_2022,Consumer,Kolkata,West Bengal,2025-02-23
C02023,Customer_2023,Enterprise,Ahmedabad,Gujarat,2021-02-05
C02024,Customer_2024,Consumer,Hyderabad,Telangana,2022-09-01
C02025,Customer_2025,Consumer,Delhi,Delhi,2020-08-11
C02026,Customer_2026,Consumer,Mumbai,Maharashtra,2021-06-01
C02027,Customer_2027,Small Business,Hyderabad,Telangana,2020-08-23
C02028,Customer_2028,Enterprise,Mumbai,Maharashtra,2020-04-25
C02029,Customer_2029,Consumer,Chennai,Tamil Nadu,2020-08-13
C02030,Customer_2030,Small Business,Kolkata,West Bengal,2020-06-30
C02031,Customer_2031,Consumer,Ahmedabad,Gujarat,2023-09-03
C02032,Customer_2032,Consumer,Pune,Maharashtra,2020-07-28
C02033,Customer_2033,Consumer,,Maharashtra,2023-11-16
C02034,Customer_2034,Enterprise,Delhi,Delhi,2025-11-13
C02035,Customer_2035,Small Business,Jaipur,Rajasthan,2022-06-12
C02036,Customer_2036,Consumer,,Tamil Nadu,2025-02-24
C02037,Customer_2037,Consumer,Jaipur,Rajasthan,2023-01-14
C02038,Customer_2038,Consumer,Chennai,Tamil Nadu,2025-07-19
C02039,Customer_2039,Consumer,Bengaluru,Karnataka,2021-01-28
C02040,Customer_2040,Consumer,Delhi,Delhi,2022-04-23
C02041,Customer_2041,Small Business,Jaipur,Rajasthan,2024-03-04
C02042,Customer_2042,Consumer,Ahmedabad,Gujarat,2021-08-26
C02043,Customer_2043,Consumer,Kolkata,West Bengal,2021-08-04
C02044,Customer_2044,Consumer,Hyderabad,Telangana,2025-08-04
C02045,Customer_2045,Small Business,Pune,Maharashtra,2025-04-23
C02046,Customer_2046,Small Business,Kolkata,West Bengal,2020-05-12
C02047,Customer_2047,Consumer,Kolkata,West Bengal,2022-09-02
C02048,Customer_2048,Small Business,Chennai,Tamil Nadu,2024-12-18
C02049,Customer_2049,Consumer,Ahmedabad,Gujarat,2024-03-23
C02050,Customer_2050,Consumer,Chennai,Tamil Nadu,2023-09-19
C02051,Customer_2051,Consumer,Kochi,Kerala,2020-02-08
C02052,Customer_2052,Consumer,Mumbai,Maharashtra,2023-08-09
C02053,Customer_2053,Consumer,Pune,Maharashtra,2020-06-10
C02054,Customer_2054,Enterprise,Mumbai,Maharashtra,2025-03-24
C02055,Customer_2055,Small Business,Hyderabad,Telangana,2023-02-01
C02056,Customer_2056,Small Business,Kochi,Kerala,2024-07-16
C02057,Customer_2057,Consumer,Delhi,Delhi,2025-05-17
C02058,Customer_2058,Consumer,Hyderabad,Telangana,2022-11-23
C02059,Customer_2059,Small Business,Hyderabad,Telangana,2022-08-24
C02060,Customer_2060,Consumer,Bengaluru,Karnataka,2022-06-08
C02061,Customer_2061,Consumer,Pune,Maharashtra,2025-11-30
C02062,Customer_2062,Consumer,Chennai,Tamil Nadu,2025-09-01
C02063,Customer_2063,Small Business,Ahmedabad,Gujarat,2024-07-24
C02064,Customer_2064,Consumer,,Maharashtra,2023-12-12
C02065,Customer_2065,Consumer,Hyderabad,Telangana,2022-12-03
C02066,Customer_2066,Small Business,Mumbai,Maharashtra,2020-05-07
C02067,Customer_2067,Consumer,Mumbai,Maharashtra,2020-06-06
C02068,Customer_2068,Consumer,Delhi,Delhi,2022-04-06
C02069,Customer_2069,Consumer,Pune,Maharashtra,2025-03-05
C02070,Customer_2070,Consumer,Pune,Maharashtra,2021-05-26
C02071,Customer_2071,Small Business,Jaipur,Rajasthan,2025-09-23
C02072,Customer_2072,Consumer,Kolkata,West Bengal,2021-03-18
C02073,Customer_2073,Consumer,Pune,Maharashtra,2024-09-22
C02074,Customer_2074,Small Business,Mumbai,Maharashtra,2025-06-29
C02075,Customer_2075,Small Business,Chennai,Tamil Nadu,2024-08-22
C02076,Customer_2076,Small Business,Mumbai,Maharashtra,2020-09-23
C02077,Customer_2077,Consumer,Chennai,Tamil Nadu,2022-04-17
C02078,Customer_2078,Consumer,Jaipur,Rajasthan,2021-05-03
C02079,Customer_2079,Enterprise,Chennai,Tamil Nadu,2021-12-02
C02080,Customer_2080,Small Business,Pune,Maharashtra,2021-11-17
C02081,Customer_2081,Consumer,Delhi,Delhi,2022-09-22
C02082,Customer_2082,Consumer,Chennai,Tamil Nadu,2020-12-22
C02083,Customer_2083,Consumer,Mumbai,Maharashtra,2022-05-21
C02084,Customer_2084,Enterprise,Ahmedabad,Gujarat,2025-05-27
C02085,Customer_2085,Consumer,Pune,Maharashtra,2021-07-05
C02086,Customer_2086,Consumer,Ahmedabad,Gujarat,2024-12-15
C02087,Customer_2087,Consumer,Kochi,Kerala,2020-11-18
C02088,Customer_2088,Small Business,Kochi,Kerala,2020-03-23
C02089,Customer_2089,Small Business,Mumbai,Maharashtra,2020-09-18
C02090,Customer_2090,Consumer,Kochi,Kerala,2022-02-22
C02091,Customer_2091,Small Business,Kolkata,West Bengal,2023-05-08
C02092,Customer_2092,Enterprise,Jaipur,Rajasthan,2022-07-02
C02093,Customer_2093,Consumer,,Maharashtra,2022-08-01
C02094,Customer_2094,Consumer,Ahmedabad,Gujarat,2023-08-11
C02095,Customer_2095,Consumer,Mumbai,Maharashtra,2024-03-15
C02096,Customer_2096,Small Business,Kolkata,West Bengal,2021-11-19
C02097,Customer_2097,Consumer,Mumbai,Maharashtra,2024-11-07
C02098,Customer_2098,Small Business,Kolkata,West Bengal,2022-04-18
C02099,Customer_2099,Small Business,Kochi,Kerala,2022-05-27
C02100,Customer_2100,Consumer,Kochi,Kerala,2020-02-18
C02101,Customer_2101,Enterprise,Chennai,Tamil Nadu,2020-10-19
C02102,Customer_2102,Consumer,Bengaluru,Karnataka,2024-07-09
C02103,Customer_2103,Consumer,Mumbai,Maharashtra,2021-06-19
C02104,Customer_2104,Small Business,Chennai,Tamil Nadu,2020-11-06
C02105,Customer_2105,Small Business,Pune,Maharashtra,2021-06-20
C02106,Customer_2106,Consumer,Chennai,Tamil Nadu,2025-04-10
C02107,Customer_2107,Small Business,Hyderabad,Telangana,2020-08-21
C02108,Customer_2108,Enterprise,Kochi,Kerala,2023-05-17
C02109,Customer_2109,Consumer,Hyderabad,Telangana,2025-11-11
C02110,Customer_2110,Enterprise,Mumbai,Maharashtra,2022-08-24
C02111,Customer_2111,Consumer,,Gujarat,2022-06-08
C02112,Customer_2112,Consumer,Ahmedabad,Gujarat,2025-08-20
C02113,Customer_2113,Consumer,Pune,Maharashtra,2020-02-04
C02114,Customer_2114,Small Business,Chennai,Tamil Nadu,2021-03-22
C02115,Customer_2115,Small Business,Ahmedabad,Gujarat,2024-10-29
C02116,Customer_2116,Consumer,Kolkata,West Bengal,2024-04-07
C02117,Customer_2117,Consumer,Kolkata,West Bengal,2021-08-17
C02118,Customer_2118,Small Business,Pune,Maharashtra,2025-07-18
C02119,Customer_2119,Consumer,Jaipur,Rajasthan,2020-12-09
C02120,Customer_2120,Small Business,Kochi,Kerala,2023-01-08
C02121,Customer_2121,Small Business,Chennai,Tamil Nadu,2023-11-20
C02122,Customer_2122,Consumer,Mumbai,Maharashtra,2023-08-06
C02123,Customer_2123,Enterprise,Delhi,Delhi,2024-01-18
C02124,Customer_2124,Consumer,Delhi,Delhi,2023-02-25
C02125,Customer_2125,Enterprise,Delhi,Delhi,2025-04-05
C02126,Customer_2126,Small Business,Ahmedabad,Gujarat,2023-10-14
C02127,Customer_2127,Small Business,Jaipur,Rajasthan,2025-10-23
C02128,Customer_2128,Consumer,Jaipur,Rajasthan,2024-04-18
C02129,Customer_2129,Small Business,Chennai,Tamil Nadu,2025-03-09
C02130,Customer_2130,Consumer,Chennai,Tamil Nadu,2025-02-09
C02131,Customer_2131,Consumer,Jaipur,Rajasthan,2020-01-29
C02132,Customer_2132,Consumer,Pune,Maharashtra,2021-12-06
C02133,Customer_2133,Consumer,Chennai,Tamil Nadu,2022-10-17
C02134,Customer_2134,Consumer,Pune,Maharashtra,2025-08-25
C02135,Customer_2135,Small Business,Hyderabad,Telangana,2023-12-17
C02136,Customer_2136,Small Business,Kolkata,West Bengal,2024-07-17
C02137,Customer_2137,Consumer,Kochi,Kerala,2022-08-24
C02138,Customer_2138,Small Business,Chennai,Tamil Nadu,2021-07-26
C02139,Customer_2139,Consumer,Jaipur,Rajasthan,2024-05-25
C02140,Customer_2140,Small Business,Kolkata,West Bengal,2021-09-06
C02141,Customer_2141,Small Business,Kolkata,West Bengal,2020-11-21
C02142,Customer_2142,Consumer,Bengaluru,Karnataka,2020-12-24
C02143,Customer_2143,Small Business,Jaipur,Rajasthan,2024-12-15
C02144,Customer_2144,Consumer,Kochi,Kerala,2024-09-17
C02145,Customer_2145,Consumer,Jaipur,Rajasthan,2023-09-11
C02146,Customer_2146,Small Business,Chennai,Tamil Nadu,2020-06-13
C02147,Customer_2147,Consumer,Mumbai,Maharashtra,2024-05-15
C02148,Customer_2148,Consumer,Hyderabad,Telangana,2024-06-15
C02149,Customer_2149,Consumer,Pune,Maharashtra,2023-03-22
C02150,Customer_2150,Small Business,Mumbai,Maharashtra,2023-02-24
C02151,Customer_2151,Consumer,Hyderabad,Telangana,2020-07-11
C02152,Customer_2152,Consumer,Mumbai,Maharashtra,2020-04-01
C02153,Customer_2153,Small Business,Pune,Maharashtra,2020-05-18
C02154,Customer_2154,Small Business,Ahmedabad,Gujarat,2021-04-25
C02155,Customer_2155,Consumer,Jaipur,Rajasthan,2023-09-18
C02156,Customer_2156,Consumer,Mumbai,Maharashtra,2020-12-05
C02157,Customer_2157,Consumer,Chennai,Tamil Nadu,2022-12-11
C02158,Customer_2158,Consumer,Kochi,Kerala,2022-03-09
C02159,Customer_2159,Consumer,Delhi,Delhi,2021-04-19
C02160,Customer_2160,Small Business,Chennai,Tamil Nadu,2024-01-02
C02161,Customer_2161,Small Business,Pune,Maharashtra,2021-08-27
C02162,Customer_2162,Small Business,Kochi,Kerala,2022-03-31
C02163,Customer_2163,Consumer,Chennai,Tamil Nadu,2021-08-20
C02164,Customer_2164,Small Business,Kolkata,West Bengal,2024-03-12
C02165,Customer_2165,Consumer,Jaipur,Rajasthan,2021-05-28
C02166,Customer_2166,Enterprise,Kochi,Kerala,2024-03-06
C02167,Customer_2167,Small Business,Kolkata,West Bengal,2025-02-20
C02168,Customer_2168,Consumer,Chennai,Tamil Nadu,2024-08-26
C02169,Customer_2169,Small Business,Hyderabad,Telangana,2022-10-26
C02170,Customer_2170,Consumer,Bengaluru,Karnataka,2021-05-14
C02171,Customer_2171,Small Business,Hyderabad,Telangana,2024-08-11
C02172,Customer_2172,Consumer,Jaipur,Rajasthan,2021-12-17
C02173,Customer_2173,Consumer,Kochi,Kerala,2023-02-15
C02174,Customer_2174,Small Business,Kochi,Kerala,2024-02-17
C02175,Customer_2175,Consumer,Jaipur,Rajasthan,2021-10-27
C02176,Customer_2176,Small Business,Kolkata,West Bengal,2022-12-15
C02177,Customer_2177,Consumer,Bengaluru,Karnataka,2020-08-15
C02178,Customer_2178,Small Business,Chennai,Tamil Nadu,2020-05-28
C02179,Customer_2179,Small Business,Pune,Maharashtra,2022-12-05
C02180,Customer_2180,Consumer,Hyderabad,Telangana,2023-03-13
C02181,Customer_2181,Consumer,Hyderabad,Telangana,2021-09-23
C02182,Customer_2182,Consumer,Delhi,Delhi,2023-09-25
C02183,Customer_2183,Consumer,Bengaluru,Karnataka,2021-02-16
C02184,Customer_2184,Consumer,Pune,Maharashtra,2024-10-21
C02185,Customer_2185,Small Business,Hyderabad,Telangana,2021-06-03
C02186,Customer_2186,Enterprise,Pune,Maharashtra,2023-09-29
C02187,Customer_2187,Small Business,Chennai,Tamil Nadu,2023-01-07
C02188,Customer_2188,Small Business,Kochi,Kerala,2021-08-20
C02189,Customer_2189,Small Business,Pune,Maharashtra,2024-07-17
C02190,Customer_2190,Small Business,Hyderabad,Telangana,2024-08-12
C02191,Customer_2191,Consumer,Kolkata,West Bengal,2025-11-30
C02192,Customer_2192,Enterprise,Bengaluru,Karnataka,2025-12-28
C02193,Customer_2193,Small Business,Jaipur,Rajasthan,2025-04-08
C02194,Customer_2194,Consumer,Mumbai,Maharashtra,2021-12-30
C02195,Customer_2195,Consumer,Ahmedabad,Gujarat,2021-08-11
C02196,Customer_2196,Consumer,Ahmedabad,Gujarat,2021-01-11
C02197,Customer_2197,Consumer,Mumbai,Maharashtra,2023-11-08
C02198,Customer_2198,Small Business,Pune,Maharashtra,2025-02-12
C02199,Customer_2199,Consumer,Bengaluru,Karnataka,2022-01-20
C02200,Customer_2200,Consumer,Pune,Maharashtra,2021-09-18
C02201,Customer_2201,Enterprise,Jaipur,Rajasthan,2024-06-17
C02202,Customer_2202,Consumer,Bengaluru,Karnataka,2022-09-21
C02203,Customer_2203,Consumer,Mumbai,Maharashtra,2024-05-02
C02204,Customer_2204,Consumer,Pune,Maharashtra,2021-12-03
C02205,Customer_2205,Small Business,Delhi,Delhi,2025-08-21
C02206,Customer_2206,Enterprise,Hyderabad,Telangana,2023-03-25
C02207,Customer_2207,Consumer,Kolkata,West Bengal,2021-04-21
C02208,Customer_2208,Small Business,Kochi,Kerala,2021-02-04
C02209,Customer_2209,Consumer,Kolkata,West Bengal,2020-02-26
C02210,Customer_2210,Enterprise,Jaipur,Rajasthan,2025-02-18
C02211,Customer_2211,Small Business,Pune,Maharashtra,2021-03-23
C02212,Customer_2212,Small Business,Chennai,Tamil Nadu,2020-07-21
C02213,Customer_2213,Consumer,Bengaluru,Karnataka,2024-07-14
C02214,Customer_2214,Enterprise,Pune,Maharashtra,2022-01-07
C02215,Customer_2215,Small Business,Bengaluru,Karnataka,2020-07-20
C02216,Customer_2216,Consumer,Kochi,Kerala,2023-09-15
C02217,Customer_2217,Small Business,Delhi,Delhi,2022-06-10
C02218,Customer_2218,Consumer,Kolkata,West Bengal,2020-08-03
C02219,Customer_2219,Small Business,Hyderabad,Telangana,2020-01-23
C02220,Customer_2220,Consumer,Kochi,Kerala,2023-04-24
C02221,Customer_2221,Small Business,Kochi,Kerala,2022-01-18
C02222,Customer_2222,Consumer,Kolkata,West Bengal,2022-03-15
C02223,Customer_2223,Consumer,Kochi,Kerala,2020-05-13
C02224,Customer_2224,Consumer,Chennai,Tamil Nadu,2020-11-16
C02225,Customer_2225,Consumer,Chennai,Tamil Nadu,2021-03-09
C02226,Customer_2226,Consumer,Ahmedabad,Gujarat,2022-11-11
C02227,Customer_2227,Consumer,Ahmedabad,Gujarat,2022-05-22
C02228,Customer_2228,Consumer,Chennai,Tamil Nadu,2025-09-29
C02229,Customer_2229,Consumer,Mumbai,Maharashtra,2020-09-09
C02230,Customer_2230,Consumer,Delhi,Delhi,2022-08-23
C02231,Customer_2231,Small Business,Bengaluru,Karnataka,2022-01-08
C02232,Customer_2232,Consumer,Delhi,Delhi,2023-02-03
C02233,Customer_2233,Enterprise,Jaipur,Rajasthan,2023-09-01
C02234,Customer_2234,Small Business,Kochi,Kerala,2020-10-28
C02235,Customer_2235,Small Business,Hyderabad,Telangana,2025-05-31
C02236,Customer_2236,Consumer,Kochi,Kerala,2021-07-04
C02237,Customer_2237,Small Business,Delhi,Delhi,2024-01-18
C02238,Customer_2238,Consumer,Chennai,Tamil Nadu,2023-08-08
C02239,Customer_2239,Consumer,Kolkata,West Bengal,2024-05-06
C02240,Customer_2240,Consumer,Jaipur,Rajasthan,2024-12-27
C02241,Customer_2241,Small Business,Chennai,Tamil Nadu,2024-12-29
C02242,Customer_2242,Consumer,Delhi,Delhi,2023-03-10
C02243,Customer_2243,Consumer,Kolkata,West Bengal,2020-11-09
C02244,Customer_2244,Enterprise,Hyderabad,Telangana,2020-07-02
C02245,Customer_2245,Small Business,Delhi,Delhi,2024-08-14
C02246,Customer_2246,Consumer,Bengaluru,Karnataka,2021-12-13
C02247,Customer_2247,Consumer,,Maharashtra,2025-12-15
C02248,Customer_2248,Small Business,Kolkata,West Bengal,2023-08-03
C02249,Customer_2249,Consumer,Delhi,Delhi,2020-09-27
C02250,Customer_2250,Consumer,Chennai,Tamil Nadu,2024-11-29
C02251,Customer_2251,Consumer,Bengaluru,Karnataka,2022-03-21
C02252,Customer_2252,Enterprise,Mumbai,Maharashtra,2020-07-16
C02253,Customer_2253,Small Business,Kolkata,West Bengal,2022-12-15
C02254,Customer_2254,Small Business,Bengaluru,Karnataka,2023-05-11
C02255,Customer_2255,Small Business,Chennai,Tamil Nadu,2024-07-02
C02256,Customer_2256,Consumer,Delhi,Delhi,2021-09-19
C02257,Customer_2257,Consumer,Kochi,Kerala,2021-08-26
C02258,Customer_2258,Consumer,Hyderabad,Telangana,2023-03-07
C02259,Customer_2259,Consumer,Kochi,Kerala,2023-12-16
C02260,Customer_2260,Consumer,Pune,Maharashtra,2022-12-16
C02261,Customer_2261,Small Business,Bengaluru,Karnataka,2024-05-04
C02262,Customer_2262,Small Business,Pune,Maharashtra,2025-10-19
C02263,Customer_2263,Small Business,Hyderabad,Telangana,2022-06-29
C02264,Customer_2264,Consumer,Bengaluru,Karnataka,2021-08-16
C02265,Customer_2265,Small Business,Ahmedabad,Gujarat,2023-10-27
C02266,Customer_2266,Small Business,Chennai,Tamil Nadu,2021-08-22
C02267,Customer_2267,Consumer,Bengaluru,Karnataka,2021-05-28
C02268,Customer_2268,Small Business,Chennai,Tamil Nadu,2025-03-10
C02269,Customer_2269,Consumer,Kochi,Kerala,2025-11-01
C02270,Customer_2270,Consumer,Jaipur,Rajasthan,2022-12-02
C02271,Customer_2271,Consumer,Kolkata,West Bengal,2025-05-11
C02272,Customer_2272,Consumer,Jaipur,Rajasthan,2022-03-20
C02273,Customer_2273,Consumer,Delhi,Delhi,2025-12-20
C02274,Customer_2274,Small Business,Kolkata,West Bengal,2022-12-24
C02275,Customer_2275,Enterprise,Kolkata,West Bengal,2020-10-16
C02276,Customer_2276,Small Business,Mumbai,Maharashtra,2022-02-07
C02277,Customer_2277,Small Business,Kolkata,West Bengal,2021-04-15
C02278,Customer_2278,Consumer,Hyderabad,Telangana,2020-03-28
C02279,Customer_2279,Small Business,Jaipur,Rajasthan,2022-02-28
C02280,Customer_2280,Consumer,Kochi,Kerala,2024-07-22
C02281,Customer_2281,Consumer,Chennai,Tamil Nadu,2023-08-02
C02282,Customer_2282,Consumer,Delhi,Delhi,2022-05-14
C02283,Customer_2283,Consumer,Kolkata,West Bengal,2023-07-17
C02284,Customer_2284,Consumer,Delhi,Delhi,2020-01-24
C02285,Customer_2285,Consumer,Kochi,Kerala,2025-03-01
C02286,Customer_2286,Consumer,Delhi,Delhi,2020-11-06
C02287,Customer_2287,Enterprise,Kochi,Kerala,2024-01-24
C02288,Customer_2288,Consumer,Kolkata,West Bengal,2023-05-16
C02289,Customer_2289,Consumer,Kochi,Kerala,2021-12-06
C02290,Customer_2290,Consumer,Kolkata,West Bengal,2023-09-21
C02291,Customer_2291,Small Business,Mumbai,Maharashtra,2021-02-25
C02292,Customer_2292,Consumer,Mumbai,Maharashtra,2024-11-08
C02293,Customer_2293,Consumer,Kochi,Kerala,2022-08-04
C02294,Customer_2294,Consumer,Mumbai,Maharashtra,2023-04-01
C02295,Customer_2295,Consumer,Chennai,Tamil Nadu,2025-01-08
C02296,Customer_2296,Consumer,Chennai,Tamil Nadu,2024-04-13
C02297,Customer_2297,Consumer,Mumbai,Maharashtra,2022-04-28
C02298,Customer_2298,Consumer,Mumbai,Maharashtra,2024-05-08
C02299,Customer_2299,Consumer,Ahmedabad,Gujarat,2023-08-11
C02300,Customer_2300,Consumer,Ahmedabad,Gujarat,2025-09-20
C02301,Customer_2301,Small Business,Kolkata,West Bengal,2025-05-01
C02302,Customer_2302,Consumer,Kochi,Kerala,2023-08-01
C02303,Customer_2303,Consumer,Pune,Maharashtra,2021-01-21
C02304,Customer_2304,Consumer,Pune,Maharashtra,2025-07-28
C02305,Customer_2305,Enterprise,Mumbai,Maharashtra,2023-03-07
C02306,Customer_2306,Consumer,Delhi,Delhi,2025-07-18
C02307,Customer_2307,Consumer,Mumbai,Maharashtra,2021-12-16
C02308,Customer_2308,Small Business,Ahmedabad,Gujarat,2021-03-01
C02309,Customer_2309,Consumer,Kolkata,West Bengal,2023-12-10
C02310,Customer_2310,Consumer,Mumbai,Maharashtra,2025-09-04
C02311,Customer_2311,Consumer,Jaipur,Rajasthan,2021-01-19
C02312,Customer_2312,Small Business,Delhi,Delhi,2020-02-25
C02313,Customer_2313,Consumer,Jaipur,Rajasthan,2020-04-15
C02314,Customer_2314,Small Business,Kolkata,West Bengal,2021-10-31
C02315,Customer_2315,Enterprise,Kolkata,West Bengal,2021-01-10
C02316,Customer_2316,Consumer,Chennai,Tamil Nadu,2022-01-12
C02317,Customer_2317,Consumer,Bengaluru,Karnataka,2022-08-24
C02318,Customer_2318,Consumer,Jaipur,Rajasthan,2020-11-03
C02319,Customer_2319,Consumer,Chennai,Tamil Nadu,2025-11-08
C02320,Customer_2320,Consumer,Ahmedabad,Gujarat,2022-03-12
C02321,Customer_2321,Enterprise,Hyderabad,Telangana,2020-04-19
C02322,Customer_2322,Small Business,Delhi,Delhi,2024-07-22
C02323,Customer_2323,Small Business,Hyderabad,Telangana,2020-12-05
C02324,Customer_2324,Consumer,Kochi,Kerala,2024-05-07
C02325,Customer_2325,Small Business,Ahmedabad,Gujarat,2022-09-05
C02326,Customer_2326,Enterprise,Ahmedabad,Gujarat,2025-03-30
C02327,Customer_2327,Small Business,Hyderabad,Telangana,2020-06-16
C02328,Customer_2328,Consumer,Jaipur,Rajasthan,2021-07-10
C02329,Customer_2329,Small Business,Bengaluru,Karnataka,2022-06-23
C02330,Customer_2330,Consumer,Jaipur,Rajasthan,2020-04-14
C02331,Customer_2331,Consumer,Hyderabad,Telangana,2025-08-09
C02332,Customer_2332,Consumer,Kochi,Kerala,2020-05-25
C02333,Customer_2333,Small Business,Jaipur,Rajasthan,2022-05-23
C02334,Customer_2334,Small Business,Pune,Maharashtra,2020-10-25
C02335,Customer_2335,Consumer,Jaipur,Rajasthan,2024-10-02
C02336,Customer_2336,Consumer,Kolkata,West Bengal,2021-10-07
C02337,Customer_2337,Consumer,Chennai,Tamil Nadu,2021-09-29
C02338,Customer_2338,Consumer,Delhi,Delhi,2022-02-22
C02339,Customer_2339,Consumer,Jaipur,Rajasthan,2022-06-15
C02340,Customer_2340,Consumer,Bengaluru,Karnataka,2021-01-05
C02341,Customer_2341,Small Business,Bengaluru,Karnataka,2021-05-01
C02342,Customer_2342,Consumer,Jaipur,Rajasthan,2025-07-30
C02343,Customer_2343,Consumer,Mumbai,Maharashtra,2023-09-22
C02344,Customer_2344,Consumer,Ahmedabad,Gujarat,2020-07-10
C02345,Customer_2345,Enterprise,Jaipur,Rajasthan,2021-12-30
C02346,Customer_2346,Small Business,Ahmedabad,Gujarat,2022-08-14
C02347,Customer_2347,Small Business,Pune,Maharashtra,2021-01-15
C02348,Customer_2348,Consumer,Hyderabad,Telangana,2022-03-08
C02349,Customer_2349,Consumer,Pune,Maharashtra,2020-08-26
C02350,Customer_2350,Consumer,Jaipur,Rajasthan,2023-01-10
C02351,Customer_2351,Small Business,Bengaluru,Karnataka,2023-10-18
C02352,Customer_2352,Enterprise,Mumbai,Maharashtra,2024-03-07
C02353,Customer_2353,Small Business,Kochi,Kerala,2024-07-25
C02354,Customer_2354,Small Business,Ahmedabad,Gujarat,2020-02-06
C02355,Customer_2355,Small Business,Chennai,Tamil Nadu,2025-06-19
C02356,Customer_2356,Consumer,Ahmedabad,Gujarat,2023-11-26
C02357,Customer_2357,Enterprise,Kolkata,West Bengal,2024-01-30
C02358,Customer_2358,Consumer,Delhi,Delhi,2023-05-09
C02359,Customer_2359,Consumer,Jaipur,Rajasthan,2025-07-15
C02360,Customer_2360,Consumer,Pune,Maharashtra,2022-04-12
C02361,Customer_2361,Consumer,Chennai,Tamil Nadu,2021-08-19
C02362,Customer_2362,Consumer,Bengaluru,Karnataka,2021-11-30
C02363,Customer_2363,Consumer,Bengaluru,Karnataka,2024-07-04
C02364,Customer_2364,Consumer,Bengaluru,Karnataka,2025-07-11
C02365,Customer_2365,Consumer,Kochi,Kerala,2021-03-16
C02366,Customer_2366,Consumer,Kolkata,West Bengal,2025-02-03
C02367,Customer_2367,Consumer,Bengaluru,Karnataka,2024-06-28
C02368,Customer_2368,Consumer,Bengaluru,Karnataka,2024-03-09
C02369,Customer_2369,Consumer,Jaipur,Rajasthan,2022-12-30
C02370,Customer_2370,Small Business,Kolkata,West Bengal,2021-07-21
C02371,Customer_2371,Small Business,Mumbai,Maharashtra,2020-08-23
C02372,Customer_2372,Small Business,Mumbai,Maharashtra,2023-07-28
C02373,Customer_2373,Small Business,Kolkata,West Bengal,2023-03-31
C02374,Customer_2374,Consumer,Delhi,Delhi,2022-10-29
C02375,Customer_2375,Small Business,Kochi,Kerala,2025-10-08
C02376,Customer_2376,Consumer,Chennai,Tamil Nadu,2025-01-14
C02377,Customer_2377,Consumer,Ahmedabad,Gujarat,2020-08-12
C02378,Customer_2378,Small Business,Jaipur,Rajasthan,2025-01-16
C02379,Customer_2379,Consumer,Hyderabad,Telangana,2021-08-04
C02380,Customer_2380,Small Business,Mumbai,Maharashtra,2020-06-17
C02381,Customer_2381,Small Business,Kolkata,West Bengal,2024-01-05
C02382,Customer_2382,Small Business,Chennai,Tamil Nadu,2020-01-14
C02383,Customer_2383,Enterprise,Kolkata,West Bengal,2023-12-14
C02384,Customer_2384,Consumer,Ahmedabad,Gujarat,2025-02-13
C02385,Customer_2385,Consumer,Chennai,Tamil Nadu,2024-03-23
C02386,Customer_2386,Consumer,Mumbai,Maharashtra,2024-08-16
C02387,Customer_2387,Consumer,Bengaluru,Karnataka,2024-04-20
C02388,Customer_2388,Small Business,Kolkata,West Bengal,2022-11-17
C02389,Customer_2389,Small Business,Hyderabad,Telangana,2024-09-27
C02390,Customer_2390,Small Business,Mumbai,Maharashtra,2021-03-21
C02391,Customer_2391,Consumer,Pune,Maharashtra,2021-12-16
C02392,Customer_2392,Consumer,Hyderabad,Telangana,2022-03-29
C02393,Customer_2393,Consumer,Delhi,Delhi,2025-11-21
C02394,Customer_2394,Consumer,Kochi,Kerala,2021-03-01
C02395,Customer_2395,Small Business,Mumbai,Maharashtra,2023-01-29
C02396,Customer_2396,Consumer,Bengaluru,Karnataka,2024-04-13
C02397,Customer_2397,Consumer,,Maharashtra,2022-04-29
C02398,Customer_2398,Consumer,Ahmedabad,Gujarat,2024-03-25
C02399,Customer_2399,Small Business,Chennai,Tamil Nadu,2023-02-03
C02400,Customer_2400,Small Business,Kolkata,West Bengal,2024-08-29
C02401,Customer_2401,Consumer,Chennai,Tamil Nadu,2025-06-24
C02402,Customer_2402,Consumer,Chennai,Tamil Nadu,2020-10-03
C02403,Customer_2403,Consumer,Mumbai,Maharashtra,2024-12-11
C02404,Customer_2404,Consumer,Ahmedabad,Gujarat,2025-04-23
C02405,Customer_2405,Small Business,Kolkata,West Bengal,2025-11-22
C02406,Customer_2406,Small Business,Kolkata,West Bengal,2021-06-29
C02407,Customer_2407,Consumer,Chennai,Tamil Nadu,2020-04-19
C02408,Customer_2408,Consumer,Delhi,Delhi,2021-06-28
C02409,Customer_2409,Enterprise,Kochi,Kerala,2022-01-12
C02410,Customer_2410,Consumer,Ahmedabad,Gujarat,2023-07-13
C02411,Customer_2411,Small Business,Delhi,Delhi,2025-02-18
C02412,Customer_2412,Consumer,Jaipur,Rajasthan,2022-12-24
C02413,Customer_2413,Consumer,Jaipur,Rajasthan,2020-11-28
C02414,Customer_2414,Consumer,Hyderabad,Telangana,2024-03-16
C02415,Customer_2415,Consumer,Chennai,Tamil Nadu,2023-03-02
C02416,Customer_2416,Enterprise,Kolkata,West Bengal,2021-08-14
C02417,Customer_2417,Consumer,Mumbai,Maharashtra,2022-02-21
C02418,Customer_2418,Consumer,Kolkata,West Bengal,2021-06-23
C02419,Customer_2419,Consumer,Kolkata,West Bengal,2024-04-07
C02420,Customer_2420,Consumer,Bengaluru,Karnataka,2024-02-28
C02421,Customer_2421,Consumer,Kolkata,West Bengal,2021-09-10
C02422,Customer_2422,Consumer,Hyderabad,Telangana,2025-01-07
C02423,Customer_2423,Small Business,Delhi,Delhi,2022-09-18
C02424,Customer_2424,Consumer,Jaipur,Rajasthan,2025-11-16
C02425,Customer_2425,Consumer,Kolkata,West Bengal,2025-12-10
C02426,Customer_2426,Enterprise,Kolkata,West Bengal,2024-06-04
C02427,Customer_2427,Consumer,Bengaluru,Karnataka,2024-02-27
C02428,Customer_2428,Enterprise,Ahmedabad,Gujarat,2021-06-05
C02429,Customer_2429,Consumer,Mumbai,Maharashtra,2022-07-05
C02430,Customer_2430,Small Business,Ahmedabad,Gujarat,2021-12-17
C02431,Customer_2431,Small Business,Mumbai,Maharashtra,2025-04-20
C02432,Customer_2432,Small Business,Kochi,Kerala,2021-07-13
C02433,Customer_2433,Enterprise,Kolkata,West Bengal,2022-08-26
C02434,Customer_2434,Consumer,Bengaluru,Karnataka,2022-12-13
C02435,Customer_2435,Enterprise,Pune,Maharashtra,2022-06-08
C02436,Customer_2436,Consumer,Chennai,Tamil Nadu,2022-03-03
C02437,Customer_2437,Consumer,Jaipur,Rajasthan,2022-09-08
C02438,Customer_2438,Consumer,Delhi,Delhi,2022-03-12
C02439,Customer_2439,Consumer,Jaipur,Rajasthan,2020-02-12
C02440,Customer_2440,Consumer,Delhi,Delhi,2024-05-28
C02441,Customer_2441,Consumer,Kochi,Kerala,2024-11-12
C02442,Customer_2442,Consumer,Ahmedabad,Gujarat,2020-12-15
C02443,Customer_2443,Small Business,Hyderabad,Telangana,2024-04-16
C02444,Customer_2444,Small Business,Kolkata,West Bengal,2023-02-03
C02445,Customer_2445,Consumer,Pune,Maharashtra,2025-08-10
C02446,Customer_2446,Consumer,Delhi,Delhi,2024-11-15
C02447,Customer_2447,Consumer,Chennai,Tamil Nadu,2021-08-06
C02448,Customer_2448,Consumer,Delhi,Delhi,2021-03-07
C02449,Customer_2449,Consumer,Hyderabad,Telangana,2025-04-16
C02450,Customer_2450,Consumer,Jaipur,Rajasthan,2025-10-01
C02451,Customer_2451,Consumer,Bengaluru,Karnataka,2023-09-10
C02452,Customer_2452,Enterprise,Jaipur,Rajasthan,2025-07-23
C02453,Customer_2453,Consumer,Kochi,Kerala,2023-04-04
C02454,Customer_2454,Consumer,Bengaluru,Karnataka,2023-03-08
C02455,Customer_2455,Consumer,Jaipur,Rajasthan,2020-10-25
C02456,Customer_2456,Consumer,Chennai,Tamil Nadu,2025-04-23
C02457,Customer_2457,Consumer,Jaipur,Rajasthan,2022-02-27
C02458,Customer_2458,Small Business,Chennai,Tamil Nadu,2022-04-29
C02459,Customer_2459,Consumer,Chennai,Tamil Nadu,2023-10-09
C02460,Customer_2460,Consumer,Bengaluru,Karnataka,2023-03-23
C02461,Customer_2461,Enterprise,Ahmedabad,Gujarat,2025-05-03
C02462,Customer_2462,Small Business,Mumbai,Maharashtra,2022-05-27
C02463,Customer_2463,Small Business,Kolkata,West Bengal,2023-02-12
C02464,Customer_2464,Consumer,Delhi,Delhi,2024-04-26
C02465,Customer_2465,Small Business,Mumbai,Maharashtra,2024-07-04
C02466,Customer_2466,Consumer,Hyderabad,Telangana,2025-03-18
C02467,Customer_2467,Consumer,Ahmedabad,Gujarat,2023-10-14
C02468,Customer_2468,Consumer,Mumbai,Maharashtra,2020-05-24
C02469,Customer_2469,Consumer,Bengaluru,Karnataka,2023-04-17
C02470,Customer_2470,Consumer,Hyderabad,Telangana,2025-02-04
C02471,Customer_2471,Consumer,Pune,Maharashtra,2025-01-28
C02472,Customer_2472,Enterprise,Ahmedabad,Gujarat,2025-02-09
C02473,Customer_2473,Enterprise,Mumbai,Maharashtra,2023-01-03
C02474,Customer_2474,Small Business,Hyderabad,Telangana,2023-02-25
C02475,Customer_2475,Consumer,Pune,Maharashtra,2024-09-30
C02476,Customer_2476,Small Business,Jaipur,Rajasthan,2021-07-21
C02477,Customer_2477,Consumer,Hyderabad,Telangana,2024-12-18
C02478,Customer_2478,Small Business,Bengaluru,Karnataka,2021-06-14
C02479,Customer_2479,Consumer,Jaipur,Rajasthan,2024-04-10
C02480,Customer_2480,Small Business,Bengaluru,Karnataka,2021-11-11
C02481,Customer_2481,Consumer,Mumbai,Maharashtra,2025-09-01
C02482,Customer_2482,Small Business,Kolkata,West Bengal,2022-12-06
C02483,Customer_2483,Enterprise,Mumbai,Maharashtra,2021-12-29
C02484,Customer_2484,Consumer,Jaipur,Rajasthan,2024-09-25
C02485,Customer_2485,Consumer,Chennai,Tamil Nadu,2025-12-31
C02486,Customer_2486,Enterprise,Mumbai,Maharashtra,2021-10-29
C02487,Customer_2487,Consumer,Jaipur,Rajasthan,2024-05-31
C02488,Customer_2488,Small Business,Hyderabad,Telangana,2021-11-11
C02489,Customer_2489,Consumer,Kochi,Kerala,2022-08-30
C02490,Customer_2490,Consumer,Mumbai,Maharashtra,2025-11-02
C02491,Customer_2491,Consumer,Hyderabad,Telangana,2022-04-06
C02492,Customer_2492,Consumer,Bengaluru,Karnataka,2020-10-23
C02493,Customer_2493,Small Business,Ahmedabad,Gujarat,2023-06-07
C02494,Customer_2494,Consumer,Kolkata,West Bengal,2025-11-22
C02495,Customer_2495,Consumer,Bengaluru,Karnataka,2024-09-24
C02496,Customer_2496,Consumer,Bengaluru,Karnataka,2025-07-17
C02497,Customer_2497,Consumer,Jaipur,Rajasthan,2020-11-25
C02498,Customer_2498,Small Business,Chennai,Tamil Nadu,2023-03-01
C02499,Customer_2499,Enterprise,Delhi,Delhi,2025-03-05
C02500,Customer_2500,Consumer,Kochi,Kerala,2021-01-16
